year,state,category,jurisdiction,budget_usd,pct_change_yoy,lag_1,rolling_3yr,budget_log
2015,AK,education,state,2703274000,-3.02,-3.02,-3.02,9.4319
2016,AK,education,state,2787912000,3.13,-3.02,0.055,9.4453
2017,AK,education,state,2524056000,-9.46,3.13,-3.117,9.4021
2018,AK,education,state,2575850000,2.05,-9.46,-1.427,9.4109
2019,AK,education,state,1315517000,-20.0,2.05,-9.137,9.1191
2020,AK,education,state,2403499000,30.0,-20.0,4.017,9.3808
2021,AK,education,state,2299005000,-4.35,30.0,1.883,9.3615
2022,AK,education,state,2828531000,23.03,-4.35,16.227,9.4516
2023,AK,education,state,2728050000,-3.55,23.03,5.043,9.4359
2015,AK,environment,state,399259000,4.21,4.21,4.21,8.6013
2016,AK,environment,state,494750000,23.92,4.21,14.065,8.6944
2017,AK,environment,state,420478000,-15.01,23.92,4.373,8.6237
2018,AK,environment,state,587816000,30.0,-15.01,12.97,8.7692
2019,AK,environment,state,448468000,-20.0,30.0,-1.67,8.6517
2020,AK,environment,state,521021000,16.18,-20.0,8.727,8.7169
2021,AK,environment,state,424214000,-18.58,16.18,-7.467,8.6276
2022,AK,environment,state,487691000,14.96,-18.58,4.187,8.6881
2023,AK,environment,state,503926000,3.33,14.96,-0.097,8.7024
2015,AK,housing,state,2113211000,0.34,0.34,0.34,9.3249
2016,AK,housing,state,2372655000,12.28,0.34,6.31,9.3752
2017,AK,housing,state,2724651000,14.84,12.28,9.153,9.4353
2018,AK,housing,state,2829643000,3.85,14.84,10.323,9.4517
2019,AK,housing,state,2896373000,2.36,3.85,7.017,9.4619
2020,AK,housing,state,2907887000,0.4,2.36,2.203,9.4636
2021,AK,housing,state,2849705000,-2.0,0.4,0.253,9.4548
2022,AK,housing,state,3332060000,16.93,-2.0,5.11,9.5227
2023,AK,housing,state,3417971000,2.58,16.93,5.837,9.5338
2015,AK,public_safety,state,502691000,0.4,0.4,0.4,8.7013
2016,AK,public_safety,state,472597000,-5.99,0.4,-2.795,8.6745
2017,AK,public_safety,state,458713000,-2.94,-5.99,-2.843,8.6615
2018,AK,public_safety,state,621759000,30.0,-2.94,7.023,8.7936
2019,AK,public_safety,state,488735000,-20.0,30.0,2.353,8.6891
2020,AK,public_safety,state,559215000,14.42,-20.0,8.14,8.7476
2021,AK,public_safety,state,598849000,7.09,14.42,0.503,8.7773
2022,AK,public_safety,state,663803000,10.85,7.09,10.787,8.822
2023,AK,public_safety,state,711752000,7.22,10.85,8.387,8.8523
2015,AK,transportation,state,1271514000,-0.69,-0.69,-0.69,9.1043
2016,AK,transportation,state,1290503000,1.49,-0.69,0.4,9.1108
2017,AK,transportation,state,1143967000,-11.35,1.49,-3.517,9.0584
2018,AK,transportation,state,1325991000,15.91,-11.35,2.017,9.1225
2019,AK,transportation,state,1068879000,-19.39,15.91,-4.943,9.0289
2020,AK,transportation,state,1116296000,4.44,-19.39,0.32,9.0478
2021,AK,transportation,state,1106152000,-0.91,4.44,-5.287,9.0438
2022,AK,transportation,state,1282596000,15.95,-0.91,6.493,9.1081
2023,AK,transportation,state,1472639000,14.82,15.95,9.953,9.1681
2015,AL,education,state,12235527000,4.03,4.03,4.03,10.0876
2016,AL,education,state,10929674000,-10.67,4.03,-3.32,10.0386
2017,AL,education,state,11406178000,4.36,-10.67,-0.76,10.0571
2018,AL,education,state,11963776000,4.89,4.36,-0.473,10.0779
2019,AL,education,state,12520043000,4.65,4.89,4.633,10.0976
2020,AL,education,state,12883175000,2.9,4.65,4.147,10.11
2021,AL,education,state,14253969000,10.64,2.9,6.063,10.1539
2022,AL,education,state,15658141000,9.85,10.64,7.797,10.1947
2023,AL,education,state,17512446000,11.84,9.85,10.777,10.2433
2015,AL,environment,state,289013000,4.44,4.44,4.44,8.4609
2016,AL,environment,state,269172000,-6.87,4.44,-1.215,8.43
2017,AL,environment,state,289411000,7.52,-6.87,1.697,8.4615
2018,AL,environment,state,276773000,-4.37,7.52,-1.24,8.4421
2019,AL,environment,state,281745000,1.8,-4.37,1.65,8.4499
2020,AL,environment,state,295431000,4.86,1.8,0.763,8.4705
2021,AL,environment,state,331821000,12.32,4.86,6.327,8.5209
2022,AL,environment,state,330235000,-0.48,12.32,5.567,8.5188
2023,AL,environment,state,390965000,18.39,-0.48,10.077,8.5921
2015,AL,housing,state,8204660000,3.54,3.54,3.54,9.9141
2016,AL,housing,state,8448333000,2.97,3.54,3.255,9.9268
2017,AL,housing,state,7063127000,-16.4,2.97,-3.297,9.849
2018,AL,housing,state,6808656000,-3.6,-16.4,-5.677,9.8331
2019,AL,housing,state,7245337000,6.41,-3.6,-4.53,9.8601
2020,AL,housing,state,7941439000,9.61,6.41,4.14,9.8999
2021,AL,housing,state,8442755000,6.31,9.61,7.443,9.9265
2022,AL,housing,state,8993079000,6.52,6.31,7.48,9.9539
2023,AL,housing,state,10148028000,12.84,6.52,8.557,10.0064
2015,AL,public_safety,state,711666000,6.78,6.78,6.78,8.8523
2016,AL,public_safety,state,712039000,0.05,6.78,3.415,8.8525
2017,AL,public_safety,state,733881000,3.07,0.05,3.3,8.8656
2018,AL,public_safety,state,775748000,5.7,3.07,2.94,8.8897
2019,AL,public_safety,state,822749000,6.06,5.7,4.943,8.9153
2020,AL,public_safety,state,993739000,20.78,6.06,10.847,8.9973
2021,AL,public_safety,state,931207000,-6.29,20.78,6.85,8.969
2022,AL,public_safety,state,1026773000,10.26,-6.29,8.25,9.0115
2023,AL,public_safety,state,1091454000,6.3,10.26,3.423,9.038
2015,AL,transportation,state,1631748000,4.42,4.42,4.42,9.2127
2016,AL,transportation,state,1653128000,1.31,4.42,2.865,9.2183
2017,AL,transportation,state,1605088000,-2.91,1.31,0.94,9.2055
2018,AL,transportation,state,1976769000,23.16,-2.91,7.187,9.296
2019,AL,transportation,state,1781477000,-9.88,23.16,3.457,9.2508
2020,AL,transportation,state,1748076000,-1.87,-9.88,3.803,9.2426
2021,AL,transportation,state,1619229000,-7.37,-1.87,-6.373,9.2093
2022,AL,transportation,state,1788305000,10.44,-7.37,0.4,9.2524
2023,AL,transportation,state,1863248000,4.19,10.44,2.42,9.2703
2015,AR,education,state,8162327000,-0.01,-0.01,-0.01,9.9118
2016,AR,education,state,8411420000,3.05,-0.01,1.52,9.9249
2017,AR,education,state,7810488000,-7.14,3.05,-1.367,9.8927
2018,AR,education,state,8086245000,3.53,-7.14,-0.187,9.9077
2019,AR,education,state,8076367000,-0.12,3.53,-1.243,9.9072
2020,AR,education,state,8116659000,0.5,-0.12,1.303,9.9094
2021,AR,education,state,9347291000,15.16,0.5,5.18,9.9707
2022,AR,education,state,10160849000,8.7,15.16,8.12,10.0069
2023,AR,education,state,10389893000,2.25,8.7,8.703,10.0166
2015,AR,environment,state,379466000,-3.74,-3.74,-3.74,8.5792
2016,AR,environment,state,389787000,2.72,-3.74,-0.51,8.5908
2017,AR,environment,state,364543000,-6.48,2.72,-2.5,8.5617
2018,AR,environment,state,351367000,-3.61,-6.48,-2.457,8.5458
2019,AR,environment,state,349770000,-0.45,-3.61,-3.513,8.5438
2020,AR,environment,state,332647000,-4.9,-0.45,-2.987,8.522
2021,AR,environment,state,357658000,7.52,-4.9,0.723,8.5535
2022,AR,environment,state,394217000,10.22,7.52,4.28,8.5957
2023,AR,environment,state,465058000,17.97,10.22,11.903,8.6675
2015,AR,housing,state,6572760000,18.19,18.19,18.19,9.8177
2016,AR,housing,state,6898386000,4.95,18.19,11.57,9.8387
2017,AR,housing,state,7415911000,7.5,4.95,10.213,9.8702
2018,AR,housing,state,6805973000,-8.22,7.5,1.41,9.8329
2019,AR,housing,state,7752884000,13.91,-8.22,4.397,9.8895
2020,AR,housing,state,7353581000,-5.15,13.91,0.18,9.8665
2021,AR,housing,state,7912728000,7.6,-5.15,5.453,9.8983
2022,AR,housing,state,9491215000,19.95,7.6,7.467,9.9773
2023,AR,housing,state,9692128000,2.12,19.95,9.89,9.9864
2015,AR,public_safety,state,458914000,6.42,6.42,6.42,8.6617
2016,AR,public_safety,state,455143000,-0.82,6.42,2.8,8.6581
2017,AR,public_safety,state,445258000,-2.17,-0.82,1.143,8.6486
2018,AR,public_safety,state,444901000,-0.08,-2.17,-1.023,8.6483
2019,AR,public_safety,state,467241000,5.02,-0.08,0.923,8.6695
2020,AR,public_safety,state,457288000,-2.13,5.02,0.937,8.6602
2021,AR,public_safety,state,447171000,-2.21,-2.13,0.227,8.6505
2022,AR,public_safety,state,484513000,8.35,-2.21,1.337,8.6853
2023,AR,public_safety,state,549993000,13.51,8.35,6.55,8.7404
2015,AR,transportation,state,1468304000,3.17,3.17,3.17,9.1668
2016,AR,transportation,state,1469473000,0.08,3.17,1.625,9.1672
2017,AR,transportation,state,1769689000,20.43,0.08,7.893,9.2479
2018,AR,transportation,state,1753460000,-0.92,20.43,6.53,9.2439
2019,AR,transportation,state,1479961000,-15.6,-0.92,1.303,9.1703
2020,AR,transportation,state,1596808000,7.9,-15.6,-2.873,9.2033
2021,AR,transportation,state,1949806000,22.11,7.9,4.803,9.29
2022,AR,transportation,state,1999620000,2.55,22.11,10.853,9.3009
2023,AR,transportation,state,2133474000,6.69,2.55,10.45,9.3291
2015,AZ,education,state,10452117000,6.68,6.68,6.68,10.0192
2016,AZ,education,state,11369424000,8.78,6.68,7.73,10.0557
2017,AZ,education,state,11825297000,4.01,8.78,6.49,10.0728
2018,AZ,education,state,12377309000,4.67,4.01,5.82,10.0926
2019,AZ,education,state,13133885000,6.11,4.67,4.93,10.1184
2020,AZ,education,state,14447314000,10.0,6.11,6.927,10.1598
2021,AZ,education,state,15261364000,5.63,10.0,7.247,10.1836
2022,AZ,education,state,17286157000,13.27,5.63,9.633,10.2377
2023,AZ,education,state,19192297000,11.03,13.27,9.977,10.2831
2015,AZ,environment,state,334408000,-4.06,-4.06,-4.06,8.5243
2016,AZ,environment,state,350216000,4.73,-4.06,0.335,8.5443
2017,AZ,environment,state,410132000,17.11,4.73,5.927,8.6129
2018,AZ,environment,state,441834000,7.73,17.11,9.857,8.6453
2019,AZ,environment,state,457818000,3.62,7.73,9.487,8.6607
2020,AZ,environment,state,479970000,4.84,3.62,5.397,8.6812
2021,AZ,environment,state,466573000,-2.79,4.84,1.89,8.6689
2022,AZ,environment,state,552538000,18.42,-2.79,6.823,8.7424
2023,AZ,environment,state,719542000,30.0,18.42,15.21,8.8571
2015,AZ,housing,state,10346172000,13.69,13.69,13.69,10.0148
2016,AZ,housing,state,13159774000,27.19,13.69,20.44,10.1192
2017,AZ,housing,state,14581123000,10.8,27.19,17.227,10.1638
2018,AZ,housing,state,15169340000,4.03,10.8,14.007,10.181
2019,AZ,housing,state,16055113000,5.84,4.03,6.89,10.2056
2020,AZ,housing,state,17505400000,9.03,5.84,6.3,10.2432
2021,AZ,housing,state,21136644000,20.74,9.03,11.87,10.325
2022,AZ,housing,state,25202743000,19.24,20.74,16.337,10.4014
2023,AZ,housing,state,28429445000,12.8,19.24,17.593,10.4538
2015,AZ,public_safety,state,1356871000,2.96,2.96,2.96,9.1325
2016,AZ,public_safety,state,1322817000,-2.51,2.96,0.225,9.1215
2017,AZ,public_safety,state,1361585000,2.93,-2.51,1.127,9.134
2018,AZ,public_safety,state,1376283000,1.08,2.93,0.5,9.1387
2019,AZ,public_safety,state,1410075000,2.46,1.08,2.157,9.1492
2020,AZ,public_safety,state,1674062000,18.72,2.46,7.42,9.2238
2021,AZ,public_safety,state,1782286000,6.46,18.72,9.213,9.251
2022,AZ,public_safety,state,1909389000,7.13,6.46,10.77,9.2809
2023,AZ,public_safety,state,2186753000,14.53,7.13,9.373,9.3398
2015,AZ,transportation,state,1966947000,10.54,10.54,10.54,9.2938
2016,AZ,transportation,state,2129986000,8.29,10.54,9.415,9.3284
2017,AZ,transportation,state,2217232000,4.1,8.29,7.643,9.3458
2018,AZ,transportation,state,2348800000,5.93,4.1,6.107,9.3708
2019,AZ,transportation,state,2271219000,-3.3,5.93,2.243,9.3563
2020,AZ,transportation,state,2414605000,6.31,-3.3,2.98,9.3828
2021,AZ,transportation,state,2231733000,-7.57,6.31,-1.52,9.3486
2022,AZ,transportation,state,2446583000,9.63,-7.57,2.79,9.3886
2023,AZ,transportation,state,2866195000,17.15,9.63,6.403,9.4573
2015,CA,education,state,90276519000,12.7,12.7,12.7,10.9556
2016,CA,education,state,94666744000,4.86,12.7,8.78,10.9762
2017,CA,education,state,97240115000,2.72,4.86,6.76,10.9878
2018,CA,education,state,102370778000,5.28,2.72,4.287,11.0102
2019,CA,education,state,112547297000,9.94,5.28,5.98,11.0513
2020,CA,education,state,109507660000,-2.7,9.94,4.173,11.0394
2021,CA,education,state,113385225000,3.54,-2.7,3.593,11.0546
2022,CA,education,state,131997080000,16.41,3.54,5.75,11.1206
2023,CA,education,state,136786138000,3.63,16.41,7.86,11.136
2015,CA,environment,state,4339023000,1.01,1.01,1.01,9.6374
2016,CA,environment,state,7531243000,30.0,1.01,15.505,9.8769
2017,CA,environment,state,6557382000,-12.93,30.0,6.027,9.8167
2018,CA,environment,state,6644728000,1.33,-12.93,6.133,9.8225
2019,CA,environment,state,9658182000,30.0,1.33,6.133,9.9849
2020,CA,environment,state,8741734000,-9.49,30.0,7.28,9.9416
2021,CA,environment,state,7898859000,-9.64,-9.49,3.623,9.8976
2022,CA,environment,state,16085066000,30.0,-9.64,3.623,10.2064
2023,CA,environment,state,12475732000,-20.0,30.0,0.12,10.0961
2015,CA,housing,state,109031702000,30.0,30.0,30.0,11.0376
2016,CA,housing,state,123038997000,12.85,30.0,21.425,11.09
2017,CA,housing,state,124120263000,0.88,12.85,14.577,11.0938
2018,CA,housing,state,132062079000,6.4,0.88,6.71,11.1208
2019,CA,housing,state,144503870000,9.42,6.4,5.567,11.1599
2020,CA,housing,state,147236699000,1.89,9.42,5.903,11.168
2021,CA,housing,state,165107693000,12.14,1.89,7.817,11.2178
2022,CA,housing,state,186831040000,13.16,12.14,9.063,11.2714
2023,CA,housing,state,201808351000,8.02,13.16,11.107,11.3049
2015,CA,public_safety,state,11458576000,7.42,7.42,7.42,10.0591
2016,CA,public_safety,state,11466406000,0.07,7.42,3.745,10.0594
2017,CA,public_safety,state,10421613000,-9.11,0.07,-0.54,10.0179
2018,CA,public_safety,state,10970628000,5.27,-9.11,-1.257,10.0402
2019,CA,public_safety,state,10792066000,-1.63,5.27,-1.823,10.0331
2020,CA,public_safety,state,12228920000,13.31,-1.63,5.65,10.0874
2021,CA,public_safety,state,13718767000,12.18,13.31,7.953,10.1373
2022,CA,public_safety,state,14102903000,2.8,12.18,9.43,10.1493
2023,CA,public_safety,state,14133393000,0.22,2.8,5.067,10.1502
2015,CA,transportation,state,10529860000,-19.04,-19.04,-19.04,10.0224
2016,CA,transportation,state,10923189000,3.74,-19.04,-7.65,10.0383
2017,CA,transportation,state,10825735000,-0.89,3.74,-5.397,10.0345
2018,CA,transportation,state,10932941000,0.99,-0.89,1.28,10.0387
2019,CA,transportation,state,15630560000,30.0,0.99,10.033,10.194
2020,CA,transportation,state,18874021000,20.75,30.0,17.247,10.2759
2021,CA,transportation,state,17123175000,-9.28,20.75,13.823,10.2336
2022,CA,transportation,state,19922773000,16.35,-9.28,9.273,10.2993
2023,CA,transportation,state,25169592000,26.34,16.35,11.137,10.4009
2015,CO,education,state,10988746000,8.17,8.17,8.17,10.0409
2016,CO,education,state,11710954000,6.57,8.17,7.37,10.0686
2017,CO,education,state,12307586000,5.09,6.57,6.61,10.0902
2018,CO,education,state,12629404000,2.61,5.09,4.757,10.1014
2019,CO,education,state,12718056000,0.7,2.61,2.8,10.1044
2020,CO,education,state,13528330000,6.37,0.7,3.227,10.1312
2021,CO,education,state,13138558000,-2.88,6.37,1.397,10.1185
2022,CO,education,state,14971884000,13.95,-2.88,5.813,10.1753
2023,CO,education,state,16321228000,9.01,13.95,6.693,10.2128
2015,CO,environment,state,433143000,-3.35,-3.35,-3.35,8.6366
2016,CO,environment,state,428376000,-1.1,-3.35,-2.225,8.6318
2017,CO,environment,state,471227000,10.0,-1.1,1.85,8.6732
2018,CO,environment,state,536615000,13.88,10.0,7.593,8.7297
2019,CO,environment,state,523143000,-2.51,13.88,7.123,8.7186
2020,CO,environment,state,503878000,-3.68,-2.51,2.563,8.7023
2021,CO,environment,state,535890000,6.35,-3.68,0.053,8.7291
2022,CO,environment,state,718264000,30.0,6.35,10.89,8.8563
2023,CO,environment,state,733540000,2.13,30.0,12.827,8.8654
2015,CO,housing,state,7927080000,17.96,17.96,17.96,9.8991
2016,CO,housing,state,8646906000,9.08,17.96,13.52,9.9369
2017,CO,housing,state,8531244000,-1.34,9.08,8.567,9.931
2018,CO,housing,state,9883546000,15.85,-1.34,7.863,9.9949
2019,CO,housing,state,9785362000,-0.99,15.85,4.507,9.9906
2020,CO,housing,state,10863791000,11.02,-0.99,8.627,10.036
2021,CO,housing,state,11915017000,9.68,11.02,6.57,10.0761
2022,CO,housing,state,13848645000,16.23,9.68,12.31,10.1414
2023,CO,housing,state,13829851000,-0.14,16.23,8.59,10.1408
2015,CO,public_safety,state,1201283000,2.83,2.83,2.83,9.0796
2016,CO,public_safety,state,1236458000,2.93,2.83,2.88,9.0922
2017,CO,public_safety,state,1249721000,1.07,2.93,2.277,9.0968
2018,CO,public_safety,state,1306186000,4.52,1.07,2.84,9.116
2019,CO,public_safety,state,1371905000,5.03,4.52,3.54,9.1373
2020,CO,public_safety,state,1473915000,7.44,5.03,5.663,9.1685
2021,CO,public_safety,state,1483533000,0.65,7.44,4.373,9.1713
2022,CO,public_safety,state,1466450000,-1.15,0.65,2.313,9.1663
2023,CO,public_safety,state,1543419000,5.25,-1.15,1.583,9.1885
2015,CO,transportation,state,1879658000,12.81,12.81,12.81,9.2741
2016,CO,transportation,state,1890449000,0.57,12.81,6.69,9.2766
2017,CO,transportation,state,2054430000,8.67,0.57,7.35,9.3127
2018,CO,transportation,state,2057999000,0.17,8.67,3.137,9.3134
2019,CO,transportation,state,1946007000,-5.44,0.17,1.133,9.2891
2020,CO,transportation,state,2209160000,13.52,-5.44,2.75,9.3442
2021,CO,transportation,state,2144872000,-2.91,13.52,1.723,9.3314
2022,CO,transportation,state,2204947000,2.8,-2.91,4.47,9.3434
2023,CO,transportation,state,2351442000,6.64,2.8,2.177,9.3713
2015,CT,education,state,7728457000,7.73,7.73,7.73,9.8881
2016,CT,education,state,8027070000,3.86,7.73,5.795,9.9046
2017,CT,education,state,7760707000,-3.32,3.86,2.757,9.8899
2018,CT,education,state,7355124000,-5.23,-3.32,-1.563,9.8666
2019,CT,education,state,7473755000,1.61,-5.23,-2.313,9.8735
2020,CT,education,state,7755324000,3.77,1.61,0.05,9.8896
2021,CT,education,state,8194812000,5.67,3.77,3.683,9.9135
2022,CT,education,state,9045013000,10.37,5.67,6.603,9.9564
2023,CT,education,state,8614649000,-4.76,10.37,3.76,9.9352
2015,CT,environment,state,328495000,30.0,30.0,30.0,8.5165
2016,CT,environment,state,312526000,-4.86,30.0,12.57,8.4949
2017,CT,environment,state,283372000,-9.33,-4.86,5.27,8.4524
2018,CT,environment,state,246518000,-13.01,-9.33,-9.067,8.3918
2019,CT,environment,state,273185000,10.82,-13.01,-3.84,8.4365
2020,CT,environment,state,274316000,0.41,10.82,-0.593,8.4383
2021,CT,environment,state,238120000,-13.2,0.41,-0.657,8.3768
2022,CT,environment,state,319702000,30.0,-13.2,5.737,8.5047
2023,CT,environment,state,326838000,2.23,30.0,6.343,8.5143
2015,CT,housing,state,4256901000,-20.0,-20.0,-20.0,9.6291
2016,CT,housing,state,4268256000,0.27,-20.0,-9.865,9.6303
2017,CT,housing,state,4298689000,0.71,0.27,-6.34,9.6333
2018,CT,housing,state,4922861000,14.52,0.71,5.167,9.6922
2019,CT,housing,state,4917254000,-0.11,14.52,5.04,9.6917
2020,CT,housing,state,4944104000,0.55,-0.11,4.987,9.6941
2021,CT,housing,state,4844467000,-2.02,0.55,-0.527,9.6852
2022,CT,housing,state,5530666000,14.16,-2.02,4.23,9.7428
2023,CT,housing,state,5684955000,2.79,14.16,4.977,9.7547
2015,CT,public_safety,state,957196000,-2.83,-2.83,-2.83,8.981
2016,CT,public_safety,state,976007000,1.97,-2.83,-0.43,8.9895
2017,CT,public_safety,state,871264000,-10.73,1.97,-3.863,8.9401
2018,CT,public_safety,state,862862000,-0.96,-10.73,-3.24,8.9359
2019,CT,public_safety,state,911912000,5.68,-0.96,-2.003,8.96
2020,CT,public_safety,state,986207000,8.15,5.68,4.29,8.994
2021,CT,public_safety,state,1164290000,18.06,8.15,10.63,9.0661
2022,CT,public_safety,state,1007710000,-13.45,18.06,4.253,9.0033
2023,CT,public_safety,state,1077490000,6.92,-13.45,3.843,9.0324
2015,CT,transportation,state,1545053000,1.33,1.33,1.33,9.1889
2016,CT,transportation,state,1782018000,15.34,1.33,8.335,9.2509
2017,CT,transportation,state,1657348000,-7.0,15.34,3.223,9.2194
2018,CT,transportation,state,1572221000,-5.14,-7.0,1.067,9.1965
2019,CT,transportation,state,1585220000,0.83,-5.14,-3.77,9.2001
2020,CT,transportation,state,1652095000,4.22,0.83,-0.03,9.218
2021,CT,transportation,state,1674628000,1.36,4.22,2.137,9.2239
2022,CT,transportation,state,1659422000,-0.91,1.36,1.557,9.22
2023,CT,transportation,state,2167636000,30.0,-0.91,10.15,9.336
2015,DE,education,state,3027509000,5.19,5.19,5.19,9.4811
2016,DE,education,state,3089166000,2.04,5.19,3.615,9.4898
2017,DE,education,state,3406873000,10.28,2.04,5.837,9.5324
2018,DE,education,state,3327622000,-2.33,10.28,3.33,9.5221
2019,DE,education,state,3606269000,8.37,-2.33,5.44,9.5571
2020,DE,education,state,3996817000,10.83,8.37,5.623,9.6017
2021,DE,education,state,4093072000,2.41,10.83,7.203,9.612
2022,DE,education,state,3954370000,-3.39,2.41,3.283,9.5971
2023,DE,education,state,4464152000,12.89,-3.39,3.97,9.6497
2015,DE,environment,state,120626000,4.68,4.68,4.68,8.0814
2016,DE,environment,state,136892000,13.48,4.68,9.08,8.1364
2017,DE,environment,state,137221000,0.24,13.48,6.133,8.1374
2018,DE,environment,state,127717000,-6.93,0.24,2.263,8.1062
2019,DE,environment,state,133883000,4.83,-6.93,-0.62,8.1267
2020,DE,environment,state,148312000,10.78,4.83,2.893,8.1712
2021,DE,environment,state,142236000,-4.1,10.78,3.837,8.153
2022,DE,environment,state,174163000,22.45,-4.1,9.71,8.241
2023,DE,environment,state,194691000,11.79,22.45,10.047,8.2893
2015,DE,housing,state,2288305000,8.93,8.93,8.93,9.3595
2016,DE,housing,state,2424019000,5.93,8.93,7.43,9.3845
2017,DE,housing,state,2527202000,4.26,5.93,6.373,9.4026
2018,DE,housing,state,2718990000,7.59,4.26,5.927,9.4344
2019,DE,housing,state,2664639000,-2.0,7.59,3.283,9.4256
2020,DE,housing,state,2846271000,6.82,-2.0,4.137,9.4543
2021,DE,housing,state,3171154000,11.41,6.82,5.41,9.5012
2022,DE,housing,state,3499541000,10.36,11.41,9.53,9.544
2023,DE,housing,state,3851044000,10.04,10.36,10.603,9.5856
2015,DE,public_safety,state,445040000,3.17,3.17,3.17,8.6484
2016,DE,public_safety,state,450753000,1.28,3.17,2.225,8.6539
2017,DE,public_safety,state,475953000,5.59,1.28,3.347,8.6776
2018,DE,public_safety,state,486605000,2.24,5.59,3.037,8.6872
2019,DE,public_safety,state,512444000,5.31,2.24,4.38,8.7096
2020,DE,public_safety,state,581906000,13.56,5.31,7.037,8.7649
2021,DE,public_safety,state,597931000,2.75,13.56,7.207,8.7767
2022,DE,public_safety,state,641840000,7.34,2.75,7.883,8.8074
2023,DE,public_safety,state,670841000,4.52,7.34,4.87,8.8266
2015,DE,transportation,state,336002000,-9.5,-9.5,-9.5,8.5263
2016,DE,transportation,state,433503000,29.02,-9.5,9.76,8.637
2017,DE,transportation,state,656309000,30.0,29.02,16.507,8.8171
2018,DE,transportation,state,562189000,-14.34,30.0,14.893,8.7499
2019,DE,transportation,state,650888000,15.78,-14.34,10.48,8.8135
2020,DE,transportation,state,586751000,-9.85,15.78,-2.803,8.7685
2021,DE,transportation,state,684976000,16.74,-9.85,7.557,8.8357
2022,DE,transportation,state,660292000,-3.6,16.74,1.097,8.8197
2023,DE,transportation,state,689256000,4.39,-3.6,5.843,8.8384
2015,FL,education,state,25023832000,1.77,1.77,1.77,10.3984
2016,FL,education,state,26253294000,4.91,1.77,3.34,10.4192
2017,FL,education,state,26932592000,2.59,4.91,3.09,10.4303
2018,FL,education,state,28660079000,6.41,2.59,4.637,10.4573
2019,FL,education,state,30050827000,4.85,6.41,4.617,10.4779
2020,FL,education,state,31012523000,3.2,4.85,4.82,10.4915
2021,FL,education,state,33026652000,6.49,3.2,4.847,10.5189
2022,FL,education,state,36134286000,9.41,6.49,6.367,10.5579
2023,FL,education,state,40443045000,11.92,9.41,9.273,10.6068
2015,FL,environment,state,1308464000,6.3,6.3,6.3,9.1168
2016,FL,environment,state,1228284000,-6.13,6.3,0.085,9.0893
2017,FL,environment,state,1679023000,30.0,-6.13,10.057,9.2251
2018,FL,environment,state,1962902000,16.91,30.0,13.593,9.2929
2019,FL,environment,state,1963955000,0.05,16.91,15.653,9.2931
2020,FL,environment,state,2029379000,3.33,0.05,6.763,9.3074
2021,FL,environment,state,2045738000,0.81,3.33,1.397,9.3109
2022,FL,environment,state,2216325000,8.34,0.81,4.16,9.3456
2023,FL,environment,state,2424270000,9.38,8.34,6.177,9.3846
2015,FL,housing,state,25776510000,6.41,6.41,6.41,10.4112
2016,FL,housing,state,25353445000,-1.64,6.41,2.385,10.404
2017,FL,housing,state,26989511000,6.45,-1.64,3.74,10.4312
2018,FL,housing,state,27812728000,3.05,6.45,2.62,10.4442
2019,FL,housing,state,27685583000,-0.46,3.05,3.013,10.4423
2020,FL,housing,state,29421513000,6.27,-0.46,2.953,10.4687
2021,FL,housing,state,31713307000,7.79,6.27,4.533,10.5012
2022,FL,housing,state,37309373000,17.65,7.79,10.57,10.5718
2023,FL,housing,state,40344900000,8.14,17.65,11.193,10.6058
2015,FL,public_safety,state,3026993000,1.96,1.96,1.96,9.481
2016,FL,public_safety,state,3095318000,2.26,1.96,2.11,9.4907
2017,FL,public_safety,state,3200665000,3.4,2.26,2.54,9.5052
2018,FL,public_safety,state,3402098000,6.29,3.4,3.983,9.5317
2019,FL,public_safety,state,3435985000,1.0,6.29,3.563,9.5361
2020,FL,public_safety,state,3869618000,12.62,1.0,6.637,9.5877
2021,FL,public_safety,state,3812722000,-1.47,12.62,4.05,9.5812
2022,FL,public_safety,state,3753703000,-1.55,-1.47,3.2,9.5745
2023,FL,public_safety,state,4403778000,17.32,-1.55,4.767,9.6438
2015,FL,transportation,state,7955847000,8.4,8.4,8.4,9.9007
2016,FL,transportation,state,7990488000,0.44,8.4,4.42,9.9026
2017,FL,transportation,state,8659272000,8.37,0.44,5.737,9.9375
2018,FL,transportation,state,8434775000,-2.59,8.37,2.073,9.9261
2019,FL,transportation,state,9121860000,8.15,-2.59,4.643,9.9601
2020,FL,transportation,state,9050894000,-0.78,8.15,1.593,9.9567
2021,FL,transportation,state,8763391000,-3.18,-0.78,1.397,9.9427
2022,FL,transportation,state,9462303000,7.98,-3.18,1.34,9.976
2023,FL,transportation,state,10125567000,7.01,7.98,3.937,10.0054
2015,GA,education,state,17276438000,-0.83,-0.83,-0.83,10.2375
2016,GA,education,state,18229557000,5.52,-0.83,2.345,10.2608
2017,GA,education,state,18967544000,4.05,5.52,2.913,10.278
2018,GA,education,state,20033924000,5.62,4.05,5.063,10.3018
2019,GA,education,state,20917587000,4.41,5.62,4.693,10.3205
2020,GA,education,state,22206276000,6.16,4.41,5.397,10.3465
2021,GA,education,state,25938436000,16.81,6.16,9.127,10.4139
2022,GA,education,state,24607081000,-5.13,16.81,5.947,10.3911
2023,GA,education,state,25679987000,4.36,-5.13,5.347,10.4096
2015,GA,environment,state,691184000,9.42,9.42,9.42,8.8396
2016,GA,environment,state,676438000,-2.13,9.42,3.645,8.8302
2017,GA,environment,state,809257000,19.64,-2.13,8.977,8.9081
2018,GA,environment,state,798556000,-1.32,19.64,5.397,8.9023
2019,GA,environment,state,838907000,5.05,-1.32,7.79,8.9237
2020,GA,environment,state,828622000,-1.23,5.05,0.833,8.9184
2021,GA,environment,state,885240000,6.83,-1.23,3.55,8.9471
2022,GA,environment,state,853457000,-3.59,6.83,0.67,8.9312
2023,GA,environment,state,894674000,4.83,-3.59,2.69,8.9517
2015,GA,housing,state,11969354000,4.77,4.77,4.77,10.0781
2016,GA,housing,state,12039309000,0.58,4.77,2.675,10.0806
2017,GA,housing,state,12509762000,3.91,0.58,3.087,10.0972
2018,GA,housing,state,13103954000,4.75,3.91,3.08,10.1174
2019,GA,housing,state,13596249000,3.76,4.75,4.14,10.1334
2020,GA,housing,state,14210753000,4.52,3.76,4.343,10.1526
2021,GA,housing,state,14934312000,5.09,4.52,4.457,10.1742
2022,GA,housing,state,17060991000,14.24,5.09,7.95,10.232
2023,GA,housing,state,20767168000,21.72,14.24,13.683,10.3174
2015,GA,public_safety,state,1569304000,3.54,3.54,3.54,9.1957
2016,GA,public_safety,state,1615827000,2.96,3.54,3.25,9.2084
2017,GA,public_safety,state,1777612000,10.01,2.96,5.503,9.2498
2018,GA,public_safety,state,1815432000,2.13,10.01,5.033,9.259
2019,GA,public_safety,state,1806151000,-0.51,2.13,3.877,9.2568
2020,GA,public_safety,state,2077803000,15.04,-0.51,5.553,9.3176
2021,GA,public_safety,state,2012812000,-3.13,15.04,3.8,9.3038
2022,GA,public_safety,state,2390463000,18.76,-3.13,10.223,9.3785
2023,GA,public_safety,state,2631264000,10.07,18.76,8.567,9.4202
2015,GA,transportation,state,1918428000,-15.47,-15.47,-15.47,9.2829
2016,GA,transportation,state,2772344000,30.0,-15.47,7.265,9.4428
2017,GA,transportation,state,2969100000,7.1,30.0,7.21,9.4726
2018,GA,transportation,state,2806084000,-5.49,7.1,10.537,9.4481
2019,GA,transportation,state,2824989000,0.67,-5.49,0.76,9.451
2020,GA,transportation,state,3313862000,17.31,0.67,4.163,9.5203
2021,GA,transportation,state,3575409000,7.89,17.31,8.623,9.5533
2022,GA,transportation,state,3639120000,1.78,7.89,8.993,9.561
2023,GA,transportation,state,4560070000,25.31,1.78,11.66,9.659
2015,HI,education,state,3179124000,-6.04,-6.04,-6.04,9.5023
2016,HI,education,state,3390132000,6.64,-6.04,0.3,9.5302
2017,HI,education,state,3409675000,0.58,6.64,0.393,9.5327
2018,HI,education,state,3658533000,7.3,0.58,4.84,9.5633
2019,HI,education,state,3973889000,8.62,7.3,5.5,9.5992
2020,HI,education,state,3718401000,-6.43,8.62,3.163,9.5704
2021,HI,education,state,3616893000,-2.73,-6.43,-0.18,9.5583
2022,HI,education,state,5227188000,30.0,-2.73,6.947,9.7183
2023,HI,education,state,5732456000,9.67,30.0,12.313,9.7583
2015,HI,environment,state,210686000,15.21,15.21,15.21,8.3236
2016,HI,environment,state,244412000,16.01,15.21,15.61,8.3881
2017,HI,environment,state,245876000,0.6,16.01,10.607,8.3907
2018,HI,environment,state,229462000,-6.68,0.6,3.31,8.3607
2019,HI,environment,state,210338000,-8.33,-6.68,-4.803,8.3229
2020,HI,environment,state,222184000,5.63,-8.33,-3.127,8.3467
2021,HI,environment,state,215924000,-2.82,5.63,-1.84,8.3343
2022,HI,environment,state,217547000,0.75,-2.82,1.187,8.3376
2023,HI,environment,state,247698000,13.86,0.75,3.93,8.3939
2015,HI,housing,state,2558379000,-3.92,-3.92,-3.92,9.408
2016,HI,housing,state,2745629000,7.32,-3.92,1.7,9.4386
2017,HI,housing,state,2985741000,8.75,7.32,4.05,9.4751
2018,HI,housing,state,2907923000,-2.61,8.75,4.487,9.4636
2019,HI,housing,state,2870285000,-1.29,-2.61,1.617,9.4579
2020,HI,housing,state,2987088000,4.07,-1.29,0.057,9.4752
2021,HI,housing,state,3542444000,18.59,4.07,7.123,9.5493
2022,HI,housing,state,4036710000,13.95,18.59,12.203,9.606
2023,HI,housing,state,4089144000,1.3,13.95,11.28,9.6116
2015,HI,public_safety,state,249602000,-0.64,-0.64,-0.64,8.3972
2016,HI,public_safety,state,254747000,2.06,-0.64,0.71,8.4061
2017,HI,public_safety,state,273377000,7.31,2.06,2.91,8.4368
2018,HI,public_safety,state,272865000,-0.19,7.31,3.06,8.4359
2019,HI,public_safety,state,289292000,6.02,-0.19,4.38,8.4613
2020,HI,public_safety,state,287205000,-0.72,6.02,1.703,8.4582
2021,HI,public_safety,state,283742000,-1.21,-0.72,1.363,8.4529
2022,HI,public_safety,state,294412000,3.76,-1.21,0.61,8.469
2023,HI,public_safety,state,304322000,3.37,3.76,1.973,8.4833
2015,HI,transportation,state,414749000,-9.68,-9.68,-9.68,8.6178
2016,HI,transportation,state,414815000,0.02,-9.68,-4.83,8.6179
2017,HI,transportation,state,316515000,-20.0,0.02,-9.887,8.5004
2018,HI,transportation,state,465298000,30.0,-20.0,3.34,8.6677
2019,HI,transportation,state,556838000,19.67,30.0,9.89,8.7457
2020,HI,transportation,state,533434000,-4.2,19.67,15.157,8.7271
2021,HI,transportation,state,687431000,28.87,-4.2,14.78,8.8372
2022,HI,transportation,state,671511000,-2.32,28.87,7.45,8.8271
2023,HI,transportation,state,698352000,4.0,-2.32,10.183,8.8441
2015,IA,education,state,7129439000,4.79,4.79,4.79,9.8531
2016,IA,education,state,7202769000,1.03,4.79,2.91,9.8575
2017,IA,education,state,7173344000,-0.41,1.03,1.803,9.8557
2018,IA,education,state,7247021000,1.03,-0.41,0.55,9.8602
2019,IA,education,state,7291064000,0.61,1.03,0.41,9.8628
2020,IA,education,state,7440565000,2.05,0.61,1.23,9.8716
2021,IA,education,state,7858964000,5.62,2.05,2.76,9.8954
2022,IA,education,state,8282083000,5.38,5.62,4.35,9.9181
2023,IA,education,state,8499321000,2.62,5.38,4.54,9.9294
2015,IA,environment,state,346756000,0.72,0.72,0.72,8.54
2016,IA,environment,state,321372000,-7.32,0.72,-3.3,8.507
2017,IA,environment,state,457844000,30.0,-7.32,7.8,8.6607
2018,IA,environment,state,458875000,0.23,30.0,7.637,8.6617
2019,IA,environment,state,460726000,0.4,0.23,10.21,8.6634
2020,IA,environment,state,486878000,5.68,0.4,2.103,8.6874
2021,IA,environment,state,480621000,-1.29,5.68,1.597,8.6818
2022,IA,environment,state,512055000,6.54,-1.29,3.643,8.7093
2023,IA,environment,state,533278000,4.14,6.54,3.13,8.727
2015,IA,housing,state,5905922000,12.58,12.58,12.58,9.7713
2016,IA,housing,state,6163944000,4.37,12.58,8.475,9.7899
2017,IA,housing,state,5686717000,-7.74,4.37,3.07,9.7549
2018,IA,housing,state,6260575000,10.09,-7.74,2.24,9.7966
2019,IA,housing,state,6653561000,6.28,10.09,2.877,9.8231
2020,IA,housing,state,7300502000,9.72,6.28,8.697,9.8634
2021,IA,housing,state,7710531000,5.62,9.72,7.207,9.8871
2022,IA,housing,state,8428435000,9.31,5.62,8.217,9.9257
2023,IA,housing,state,9041119000,7.27,9.31,7.4,9.9562
2015,IA,public_safety,state,394965000,-0.26,-0.26,-0.26,8.5966
2016,IA,public_safety,state,397599000,0.67,-0.26,0.205,8.5994
2017,IA,public_safety,state,390097000,-1.89,0.67,-0.493,8.5912
2018,IA,public_safety,state,388369000,-0.44,-1.89,-0.553,8.5892
2019,IA,public_safety,state,404452000,4.14,-0.44,0.603,8.6069
2020,IA,public_safety,state,440188000,8.84,4.14,4.18,8.6436
2021,IA,public_safety,state,462557000,5.08,8.84,6.02,8.6652
2022,IA,public_safety,state,479021000,3.56,5.08,5.827,8.6804
2023,IA,public_safety,state,493111000,2.94,3.56,3.86,8.6929
2015,IA,transportation,state,2161820000,18.45,18.45,18.45,9.3348
2016,IA,transportation,state,2192908000,1.44,18.45,9.945,9.341
2017,IA,transportation,state,2319034000,5.75,1.44,8.547,9.3653
2018,IA,transportation,state,2375686000,2.44,5.75,3.21,9.3758
2019,IA,transportation,state,2347346000,-1.19,2.44,2.333,9.3706
2020,IA,transportation,state,2379696000,1.38,-1.19,0.877,9.3765
2021,IA,transportation,state,2425739000,1.93,1.38,0.707,9.3848
2022,IA,transportation,state,2351078000,-3.08,1.93,0.077,9.3713
2023,IA,transportation,state,2568366000,9.24,-3.08,2.697,9.4097
2015,ID,education,state,2786541000,5.83,5.83,5.83,9.4451
2016,ID,education,state,2950125000,5.87,5.83,5.85,9.4698
2017,ID,education,state,3113154000,5.53,5.87,5.743,9.4932
2018,ID,education,state,3379112000,8.54,5.53,6.647,9.5288
2019,ID,education,state,3501892000,3.63,8.54,5.9,9.5443
2020,ID,education,state,3687202000,5.29,3.63,5.82,9.5667
2021,ID,education,state,3903751000,5.87,5.29,4.93,9.5915
2022,ID,education,state,4206562000,7.76,5.87,6.307,9.6239
2023,ID,education,state,4894796000,16.36,7.76,9.997,9.6897
2015,ID,environment,state,274925000,10.62,10.62,10.62,8.4392
2016,ID,environment,state,267849000,-2.57,10.62,4.025,8.4279
2017,ID,environment,state,282032000,5.3,-2.57,4.45,8.4503
2018,ID,environment,state,301754000,6.99,5.3,3.24,8.4797
2019,ID,environment,state,350982000,16.31,6.99,9.533,8.5453
2020,ID,environment,state,317197000,-9.63,16.31,4.557,8.5013
2021,ID,environment,state,309671000,-2.37,-9.63,1.437,8.4909
2022,ID,environment,state,360295000,16.35,-2.37,1.45,8.5567
2023,ID,environment,state,406189000,12.74,16.35,8.907,8.6087
2015,ID,housing,state,2334833000,3.41,3.41,3.41,9.3683
2016,ID,housing,state,2414088000,3.39,3.41,3.4,9.3828
2017,ID,housing,state,2488760000,3.09,3.39,3.297,9.396
2018,ID,housing,state,2707472000,8.79,3.09,5.09,9.4326
2019,ID,housing,state,2856738000,5.51,8.79,5.797,9.4559
2020,ID,housing,state,3230336000,13.08,5.51,9.127,9.5092
2021,ID,housing,state,3754602000,16.23,13.08,11.607,9.5746
2022,ID,housing,state,4069998000,8.4,16.23,12.57,9.6096
2023,ID,housing,state,3737165000,-8.18,8.4,5.483,9.5725
2015,ID,public_safety,state,315539000,5.16,5.16,5.16,8.4991
2016,ID,public_safety,state,324661000,2.89,5.16,4.025,8.5114
2017,ID,public_safety,state,352766000,8.66,2.89,5.57,8.5475
2018,ID,public_safety,state,361747000,2.55,8.66,4.7,8.5584
2019,ID,public_safety,state,388550000,7.41,2.55,6.207,8.5894
2020,ID,public_safety,state,441557000,13.64,7.41,7.867,8.645
2021,ID,public_safety,state,428733000,-2.9,13.64,6.05,8.6322
2022,ID,public_safety,state,452862000,5.63,-2.9,5.457,8.656
2023,ID,public_safety,state,528764000,16.76,5.63,6.497,8.7233
2015,ID,transportation,state,710683000,2.29,2.29,2.29,8.8517
2016,ID,transportation,state,680153000,-4.3,2.29,-1.005,8.8326
2017,ID,transportation,state,698832000,2.75,-4.3,0.247,8.8444
2018,ID,transportation,state,853042000,22.07,2.75,6.84,8.931
2019,ID,transportation,state,920471000,7.9,22.07,10.907,8.964
2020,ID,transportation,state,969618000,5.34,7.9,11.77,8.9866
2021,ID,transportation,state,997892000,2.92,5.34,5.387,8.9991
2022,ID,transportation,state,997619000,-0.03,2.92,2.743,8.999
2023,ID,transportation,state,1892623000,30.0,-0.03,10.963,9.2771
2015,IL,education,state,18032033000,0.07,0.07,0.07,10.256
2016,IL,education,state,17359089000,-3.73,0.07,-1.83,10.2395
2017,IL,education,state,18534457000,6.77,-3.73,1.037,10.268
2018,IL,education,state,19256659000,3.9,6.77,2.313,10.2846
2019,IL,education,state,18468331000,-4.09,3.9,2.193,10.2664
2020,IL,education,state,24583172000,30.0,-4.09,9.937,10.3906
2021,IL,education,state,26759895000,8.85,30.0,11.587,10.4275
2022,IL,education,state,30535131000,14.11,8.85,17.653,10.4848
2023,IL,education,state,30619923000,0.28,14.11,7.747,10.486
2015,IL,environment,state,574717000,9.79,9.79,9.79,8.7595
2016,IL,environment,state,424123000,-20.0,9.79,-5.105,8.6275
2017,IL,environment,state,507330000,19.62,-20.0,3.137,8.7053
2018,IL,environment,state,487766000,-3.86,19.62,-1.413,8.6882
2019,IL,environment,state,574648000,17.81,-3.86,11.19,8.7594
2020,IL,environment,state,592336000,3.08,17.81,5.677,8.7726
2021,IL,environment,state,564494000,-4.7,3.08,5.397,8.7517
2022,IL,environment,state,569794000,0.94,-4.7,-0.227,8.7557
2023,IL,environment,state,683663000,19.98,0.94,5.407,8.8348
2015,IL,housing,state,24395723000,7.93,7.93,7.93,10.3873
2016,IL,housing,state,23310664000,-4.45,7.93,1.74,10.3676
2017,IL,housing,state,24814900000,6.45,-4.45,3.31,10.3947
2018,IL,housing,state,25294455000,1.93,6.45,1.31,10.403
2019,IL,housing,state,26293783000,3.95,1.93,4.11,10.4199
2020,IL,housing,state,30314321000,15.29,3.95,7.057,10.4816
2021,IL,housing,state,34728688000,14.56,15.29,11.267,10.5407
2022,IL,housing,state,37925486000,9.21,14.56,13.02,10.5789
2023,IL,housing,state,43392783000,14.42,9.21,12.73,10.6374
2015,IL,public_safety,state,1915441000,-1.86,-1.86,-1.86,9.2823
2016,IL,public_safety,state,1468956000,-20.0,-1.86,-10.93,9.167
2017,IL,public_safety,state,1818385000,23.79,-20.0,0.643,9.2597
2018,IL,public_safety,state,2467364000,30.0,23.79,11.263,9.3922
2019,IL,public_safety,state,2206654000,-10.57,30.0,14.407,9.3437
2020,IL,public_safety,state,2213984000,0.33,-10.57,6.587,9.3452
2021,IL,public_safety,state,2288995000,3.39,0.33,-2.283,9.3596
2022,IL,public_safety,state,2403015000,4.98,3.39,2.9,9.3808
2023,IL,public_safety,state,2577859000,7.28,4.98,5.217,9.4113
2015,IL,transportation,state,6023130000,16.76,16.76,16.76,9.7798
2016,IL,transportation,state,6580569000,9.25,16.76,13.005,9.8183
2017,IL,transportation,state,6691288000,1.68,9.25,9.23,9.8255
2018,IL,transportation,state,5152944000,-20.0,1.68,-3.023,9.7121
2019,IL,transportation,state,4912529000,-4.67,-20.0,-7.663,9.6913
2020,IL,transportation,state,6578252000,30.0,-4.67,1.777,9.8181
2021,IL,transportation,state,7441863000,13.13,30.0,12.82,9.8717
2022,IL,transportation,state,6111879000,-17.87,13.13,8.42,9.7862
2023,IL,transportation,state,6575367000,7.58,-17.87,0.947,9.8179
2015,IN,education,state,14801529000,1.37,1.37,1.37,10.1703
2016,IN,education,state,15526354000,4.9,1.37,3.135,10.1911
2017,IN,education,state,15752340000,1.46,4.9,2.577,10.1973
2018,IN,education,state,16263389000,3.24,1.46,3.2,10.2112
2019,IN,education,state,16204219000,-0.36,3.24,1.447,10.2096
2020,IN,education,state,16798880000,3.67,-0.36,2.183,10.2253
2021,IN,education,state,17013044000,1.27,3.67,1.527,10.2308
2022,IN,education,state,18582619000,9.23,1.27,4.723,10.2691
2023,IN,education,state,19594359000,5.44,9.23,5.313,10.2921
2015,IN,environment,state,403523000,0.6,0.6,0.6,8.6059
2016,IN,environment,state,391052000,-3.09,0.6,-1.245,8.5922
2017,IN,environment,state,430235000,10.02,-3.09,2.51,8.6337
2018,IN,environment,state,430294000,0.01,10.02,2.313,8.6338
2019,IN,environment,state,491918000,14.32,0.01,8.117,8.6919
2020,IN,environment,state,523064000,6.33,14.32,6.887,8.7186
2021,IN,environment,state,482451000,-7.76,6.33,4.297,8.6835
2022,IN,environment,state,500367000,3.71,-7.76,0.76,8.6993
2023,IN,environment,state,578834000,15.68,3.71,3.877,8.7626
2015,IN,housing,state,11563940000,8.2,8.2,8.2,10.0631
2016,IN,housing,state,12747775000,10.24,8.2,9.22,10.1054
2017,IN,housing,state,13960934000,9.52,10.24,9.32,10.1449
2018,IN,housing,state,13971440000,0.08,9.52,6.613,10.1452
2019,IN,housing,state,15043164000,7.67,0.08,5.757,10.1773
2020,IN,housing,state,16824507000,11.84,7.67,6.53,10.2259
2021,IN,housing,state,18237702000,8.4,11.84,9.303,10.261
2022,IN,housing,state,19540160000,7.14,8.4,9.127,10.2909
2023,IN,housing,state,20578516000,5.31,7.14,6.95,10.3134
2015,IN,public_safety,state,912875000,-0.71,-0.71,-0.71,8.9604
2016,IN,public_safety,state,935544000,2.48,-0.71,0.885,8.9711
2017,IN,public_safety,state,943042000,0.8,2.48,0.857,8.9745
2018,IN,public_safety,state,990606000,5.04,0.8,2.773,8.9959
2019,IN,public_safety,state,1023299000,3.3,5.04,3.047,9.01
2020,IN,public_safety,state,1109046000,8.38,3.3,5.573,9.0449
2021,IN,public_safety,state,1147451000,3.46,8.38,5.047,9.0597
2022,IN,public_safety,state,1209041000,5.37,3.46,5.737,9.0824
2023,IN,public_safety,state,1297614000,7.33,5.37,5.387,9.1131
2015,IN,transportation,state,2517055000,7.71,7.71,7.71,9.4009
2016,IN,transportation,state,2476990000,-1.59,7.71,3.06,9.3939
2017,IN,transportation,state,2498254000,0.86,-1.59,2.327,9.3976
2018,IN,transportation,state,2736195000,9.52,0.86,2.93,9.4371
2019,IN,transportation,state,3013419000,10.13,9.52,6.837,9.4791
2020,IN,transportation,state,3338670000,10.79,10.13,10.147,9.5236
2021,IN,transportation,state,3815677000,14.29,10.79,11.737,9.5816
2022,IN,transportation,state,3966968000,3.96,14.29,9.68,9.5985
2023,IN,transportation,state,4111597000,3.65,3.96,7.3,9.614
2015,KS,education,state,7010167000,14.13,14.13,14.13,9.8457
2016,KS,education,state,7182004000,2.45,14.13,8.29,9.8562
2017,KS,education,state,7411983000,3.2,2.45,6.593,9.8699
2018,KS,education,state,7491767000,1.08,3.2,2.243,9.8746
2019,KS,education,state,7687475000,2.61,1.08,2.297,9.8858
2020,KS,education,state,8458551000,10.03,2.61,4.573,9.9273
2021,KS,education,state,8054179000,-4.78,10.03,2.62,9.906
2022,KS,education,state,8853413000,9.92,-4.78,5.057,9.9471
2023,KS,education,state,9552864000,7.9,9.92,4.347,9.9801
2015,KS,environment,state,247331000,-0.09,-0.09,-0.09,8.3933
2016,KS,environment,state,238601000,-3.53,-0.09,-1.81,8.3777
2017,KS,environment,state,263747000,10.54,-3.53,2.307,8.4212
2018,KS,environment,state,268744000,1.89,10.54,2.967,8.4293
2019,KS,environment,state,267589000,-0.43,1.89,4.0,8.4275
2020,KS,environment,state,287489000,7.44,-0.43,2.967,8.4586
2021,KS,environment,state,274038000,-4.68,7.44,0.777,8.4378
2022,KS,environment,state,298098000,8.78,-4.68,3.847,8.4744
2023,KS,environment,state,317234000,6.42,8.78,3.507,8.5014
2015,KS,housing,state,3825630000,7.81,7.81,7.81,9.5827
2016,KS,housing,state,3974577000,3.89,7.81,5.85,9.5993
2017,KS,housing,state,4305662000,8.33,3.89,6.677,9.634
2018,KS,housing,state,4413952000,2.52,8.33,4.913,9.6448
2019,KS,housing,state,4735115000,7.28,2.52,6.043,9.6753
2020,KS,housing,state,5150690000,8.78,7.28,6.193,9.7119
2021,KS,housing,state,5419392000,5.22,8.78,7.093,9.734
2022,KS,housing,state,5952459000,9.84,5.22,7.947,9.7747
2023,KS,housing,state,6762523000,13.61,9.84,9.557,9.8301
2015,KS,public_safety,state,463586000,1.84,1.84,1.84,8.6661
2016,KS,public_safety,state,457177000,-1.38,1.84,0.23,8.6601
2017,KS,public_safety,state,462316000,1.12,-1.38,0.527,8.6649
2018,KS,public_safety,state,462570000,0.05,1.12,-0.07,8.6652
2019,KS,public_safety,state,486589000,5.19,0.05,2.12,8.6872
2020,KS,public_safety,state,560930000,15.28,5.19,6.84,8.7489
2021,KS,public_safety,state,569949000,1.61,15.28,7.36,8.7558
2022,KS,public_safety,state,591909000,3.85,1.61,6.913,8.7723
2023,KS,public_safety,state,694348000,17.31,3.85,7.59,8.8416
2015,KS,transportation,state,1297725000,8.02,8.02,8.02,9.1132
2016,KS,transportation,state,1335864000,2.94,8.02,5.48,9.1258
2017,KS,transportation,state,1239281000,-7.23,2.94,1.243,9.0932
2018,KS,transportation,state,987051000,-20.0,-7.23,-8.097,8.9943
2019,KS,transportation,state,1009205000,2.24,-20.0,-8.33,9.004
2020,KS,transportation,state,1119548000,10.93,2.24,-2.277,9.049
2021,KS,transportation,state,1368271000,22.22,10.93,11.797,9.1362
2022,KS,transportation,state,1457590000,6.53,22.22,13.227,9.1636
2023,KS,transportation,state,1987398000,30.0,6.53,19.583,9.2983
2015,KY,education,state,9614803000,3.86,3.86,3.86,9.9829
2016,KY,education,state,10195790000,6.04,3.86,4.95,10.0084
2017,KY,education,state,10390364000,1.91,6.04,3.937,10.0166
2018,KY,education,state,10274643000,-1.11,1.91,2.28,10.0118
2019,KY,education,state,9987635000,-2.79,-1.11,-0.663,9.9995
2020,KY,education,state,9985025000,-0.03,-2.79,-1.31,9.9993
2021,KY,education,state,9971071000,-0.14,-0.03,-0.987,9.9987
2022,KY,education,state,11766120000,18.0,-0.14,5.943,10.0706
2023,KY,education,state,12121515000,3.02,18.0,6.96,10.0836
2015,KY,environment,state,487308000,3.69,3.69,3.69,8.6878
2016,KY,environment,state,491421000,0.84,3.69,2.265,8.6915
2017,KY,environment,state,477540000,-2.82,0.84,0.57,8.679
2018,KY,environment,state,548776000,14.92,-2.82,4.313,8.7394
2019,KY,environment,state,579242000,5.55,14.92,5.883,8.7629
2020,KY,environment,state,597471000,3.15,5.55,7.873,8.7763
2021,KY,environment,state,588222000,-1.55,3.15,2.383,8.7695
2022,KY,environment,state,592443000,0.72,-1.55,0.773,8.7726
2023,KY,environment,state,713067000,20.36,0.72,6.51,8.8531
2015,KY,housing,state,10875235000,30.0,30.0,30.0,10.0364
2016,KY,housing,state,11191780000,2.91,30.0,16.455,10.0489
2017,KY,housing,state,11417475000,2.02,2.91,11.643,10.0576
2018,KY,housing,state,11926347000,4.46,2.02,3.13,10.0765
2019,KY,housing,state,11906570000,-0.17,4.46,2.103,10.0758
2020,KY,housing,state,13518643000,13.54,-0.17,5.943,10.1309
2021,KY,housing,state,16194371000,19.79,13.54,11.053,10.2094
2022,KY,housing,state,16831604000,3.93,19.79,12.42,10.2261
2023,KY,housing,state,18777179000,11.56,3.93,11.76,10.2736
2015,KY,public_safety,state,738353000,2.49,2.49,2.49,8.8683
2016,KY,public_safety,state,767049000,3.89,2.49,3.19,8.8848
2017,KY,public_safety,state,808828000,5.45,3.89,3.943,8.9079
2018,KY,public_safety,state,825547000,2.07,5.45,3.803,8.9167
2019,KY,public_safety,state,860964000,4.29,2.07,3.937,8.935
2020,KY,public_safety,state,1079698000,25.41,4.29,10.59,9.0333
2021,KY,public_safety,state,1062457000,-1.6,25.41,9.367,9.0263
2022,KY,public_safety,state,1105188000,4.02,-1.6,9.277,9.0434
2023,KY,public_safety,state,1318780000,19.33,4.02,7.25,9.1202
2015,KY,transportation,state,2532215000,7.78,7.78,7.78,9.4035
2016,KY,transportation,state,2342521000,-7.49,7.78,0.145,9.3697
2017,KY,transportation,state,1991599000,-14.98,-7.49,-4.897,9.2992
2018,KY,transportation,state,1883701000,-5.42,-14.98,-9.297,9.275
2019,KY,transportation,state,2004597000,6.42,-5.42,-4.66,9.302
2020,KY,transportation,state,2220590000,10.77,6.42,3.923,9.3465
2021,KY,transportation,state,2100778000,-5.4,10.77,3.93,9.3224
2022,KY,transportation,state,2441895000,16.24,-5.4,7.203,9.3877
2023,KY,transportation,state,2692982000,10.28,16.24,7.04,9.4302
2015,LA,education,state,8897506000,0.8,0.8,0.8,9.9493
2016,LA,education,state,9499549000,6.77,0.8,3.785,9.9777
2017,LA,education,state,9299171000,-2.11,6.77,1.82,9.9684
2018,LA,education,state,9276658000,-0.24,-2.11,1.473,9.9674
2019,LA,education,state,9771114000,5.33,-0.24,0.993,9.9899
2020,LA,education,state,10338104000,5.8,5.33,3.63,10.0144
2021,LA,education,state,10802383000,4.49,5.8,5.207,10.0335
2022,LA,education,state,12446921000,15.22,4.49,8.503,10.0951
2023,LA,education,state,13203152000,6.08,15.22,8.597,10.1207
2015,LA,environment,state,1203877000,1.71,1.71,1.71,9.0806
2016,LA,environment,state,1105131000,-8.2,1.71,-3.245,9.0434
2017,LA,environment,state,1143554000,3.48,-8.2,-1.003,9.0583
2018,LA,environment,state,1171859000,2.48,3.48,-0.747,9.0689
2019,LA,environment,state,1116667000,-4.71,2.48,0.417,9.0479
2020,LA,environment,state,1226726000,9.86,-4.71,2.543,9.0887
2021,LA,environment,state,1325196000,8.03,9.86,4.393,9.1223
2022,LA,environment,state,1388875000,4.81,8.03,7.567,9.1427
2023,LA,environment,state,1451287000,4.49,4.81,5.777,9.1618
2015,LA,housing,state,8399355000,4.55,4.55,4.55,9.9242
2016,LA,housing,state,8890121000,5.84,4.55,5.195,9.9489
2017,LA,housing,state,11226836000,26.28,5.84,12.223,10.0503
2018,LA,housing,state,12158245000,8.3,26.28,13.473,10.0849
2019,LA,housing,state,12569790000,3.38,8.3,12.653,10.0993
2020,LA,housing,state,13630539000,8.44,3.38,6.707,10.1345
2021,LA,housing,state,14650317000,7.48,8.44,6.433,10.1658
2022,LA,housing,state,15789913000,7.78,7.48,7.9,10.1984
2023,LA,housing,state,17575698000,11.31,7.78,8.857,10.2449
2015,LA,public_safety,state,998664000,1.53,1.53,1.53,8.9994
2016,LA,public_safety,state,992754000,-0.59,1.53,0.47,8.9968
2017,LA,public_safety,state,1026389000,3.39,-0.59,1.443,9.0113
2018,LA,public_safety,state,1070867000,4.33,3.39,2.377,9.0297
2019,LA,public_safety,state,1078974000,0.76,4.33,2.827,9.033
2020,LA,public_safety,state,1319201000,22.26,0.76,9.117,9.1203
2021,LA,public_safety,state,1324425000,0.4,22.26,7.807,9.122
2022,LA,public_safety,state,1380122000,4.21,0.4,8.957,9.1399
2023,LA,public_safety,state,1449611000,5.03,4.21,3.213,9.1613
2015,LA,transportation,state,1560873000,4.27,4.27,4.27,9.1934
2016,LA,transportation,state,1616211000,3.55,4.27,3.91,9.2085
2017,LA,transportation,state,1470644000,-9.01,3.55,-0.397,9.1675
2018,LA,transportation,state,1393048000,-5.28,-9.01,-3.58,9.144
2019,LA,transportation,state,1445964000,3.8,-5.28,-3.497,9.1602
2020,LA,transportation,state,1626507000,12.49,3.8,3.67,9.2113
2021,LA,transportation,state,1748523000,7.5,12.49,7.93,9.2427
2022,LA,transportation,state,1807901000,3.4,7.5,7.797,9.2572
2023,LA,transportation,state,2063749000,14.15,3.4,8.35,9.3147
2015,MA,education,state,12323712000,30.0,30.0,30.0,10.0907
2016,MA,education,state,12593196000,2.19,30.0,16.095,10.1001
2017,MA,education,state,13183331000,4.69,2.19,12.293,10.12
2018,MA,education,state,13317694000,1.02,4.69,2.633,10.1244
2019,MA,education,state,13405242000,0.66,1.02,2.123,10.1273
2020,MA,education,state,13936333000,3.96,0.66,1.88,10.1441
2021,MA,education,state,14506460000,4.09,3.96,2.903,10.1616
2022,MA,education,state,16594050000,14.39,4.09,7.48,10.22
2023,MA,education,state,17882518000,7.76,14.39,8.747,10.2524
2015,MA,environment,state,505632000,8.3,8.3,8.3,8.7038
2016,MA,environment,state,533973000,5.61,8.3,6.955,8.7275
2017,MA,environment,state,459833000,-13.88,5.61,0.01,8.6626
2018,MA,environment,state,483452000,5.14,-13.88,-1.043,8.6844
2019,MA,environment,state,512615000,6.03,5.14,-0.903,8.7098
2020,MA,environment,state,476751000,-7.0,6.03,1.39,8.6783
2021,MA,environment,state,498385000,4.54,-7.0,1.19,8.6976
2022,MA,environment,state,592375000,18.86,4.54,5.467,8.7726
2023,MA,environment,state,658272000,11.12,18.86,11.507,8.8184
2015,MA,housing,state,19895426000,9.93,9.93,9.93,10.2988
2016,MA,housing,state,22023118000,10.69,9.93,10.31,10.3429
2017,MA,housing,state,22478805000,2.07,10.69,7.563,10.3518
2018,MA,housing,state,23960508000,6.59,2.07,6.45,10.3795
2019,MA,housing,state,24818872000,3.58,6.59,4.08,10.3948
2020,MA,housing,state,25868091000,4.23,3.58,4.8,10.4128
2021,MA,housing,state,27361985000,5.78,4.23,4.53,10.4371
2022,MA,housing,state,32018223000,17.02,5.78,9.01,10.5054
2023,MA,housing,state,34412892000,7.48,17.02,10.093,10.5367
2015,MA,public_safety,state,1956546000,11.06,11.06,11.06,9.2915
2016,MA,public_safety,state,1974599000,0.92,11.06,5.99,9.2955
2017,MA,public_safety,state,2026462000,2.63,0.92,4.87,9.3067
2018,MA,public_safety,state,2104005000,3.83,2.63,2.46,9.323
2019,MA,public_safety,state,2208431000,4.96,3.83,3.807,9.3441
2020,MA,public_safety,state,2361796000,6.94,4.96,5.243,9.3732
2021,MA,public_safety,state,2313804000,-2.03,6.94,3.29,9.3643
2022,MA,public_safety,state,2388317000,3.22,-2.03,2.71,9.3781
2023,MA,public_safety,state,2601185000,8.91,3.22,3.367,9.4152
2015,MA,transportation,state,3164073000,9.12,9.12,9.12,9.5002
2016,MA,transportation,state,3119467000,-1.41,9.12,3.855,9.4941
2017,MA,transportation,state,3054300000,-2.09,-1.41,1.873,9.4849
2018,MA,transportation,state,2602040000,-14.81,-2.09,-6.103,9.4153
2019,MA,transportation,state,2433337000,-6.48,-14.81,-7.793,9.3862
2020,MA,transportation,state,2509240000,3.12,-6.48,-6.057,9.3995
2021,MA,transportation,state,2672805000,6.52,3.12,1.053,9.427
2022,MA,transportation,state,2726595000,2.01,6.52,3.883,9.4356
2023,MA,transportation,state,3008519000,10.34,2.01,6.29,9.4784
2015,MD,education,state,12168535000,0.83,0.83,0.83,10.0852
2016,MD,education,state,12596173000,3.51,0.83,2.17,10.1002
2017,MD,education,state,12640485000,0.35,3.51,1.563,10.1018
2018,MD,education,state,12984499000,2.72,0.35,2.193,10.1134
2019,MD,education,state,13653160000,5.15,2.72,2.74,10.1352
2020,MD,education,state,15202556000,11.35,5.15,6.407,10.1819
2021,MD,education,state,15826653000,4.11,11.35,6.87,10.1994
2022,MD,education,state,17670786000,11.65,4.11,9.037,10.2473
2023,MD,education,state,19206166000,8.69,11.65,8.15,10.2834
2015,MD,environment,state,646907000,16.6,16.6,16.6,8.8108
2016,MD,environment,state,593127000,-8.31,16.6,4.145,8.7731
2017,MD,environment,state,711979000,20.04,-8.31,9.443,8.8525
2018,MD,environment,state,793243000,11.41,20.04,7.713,8.8994
2019,MD,environment,state,831904000,4.87,11.41,12.107,8.9201
2020,MD,environment,state,845467000,1.63,4.87,5.97,8.9271
2021,MD,environment,state,897374000,6.14,1.63,4.213,8.953
2022,MD,environment,state,912145000,1.65,6.14,3.14,8.9601
2023,MD,environment,state,1198997000,30.0,1.65,12.597,9.0788
2015,MD,housing,state,12174866000,11.36,11.36,11.36,10.0855
2016,MD,housing,state,12037103000,-1.13,11.36,5.115,10.0805
2017,MD,housing,state,13046072000,8.38,-1.13,6.203,10.1155
2018,MD,housing,state,13047335000,0.01,8.38,2.42,10.1155
2019,MD,housing,state,13811430000,5.86,0.01,4.75,10.1402
2020,MD,housing,state,14788748000,7.08,5.86,4.317,10.1699
2021,MD,housing,state,16822942000,13.76,7.08,8.9,10.2259
2022,MD,housing,state,19535546000,16.12,13.76,12.32,10.2908
2023,MD,housing,state,19939083000,2.07,16.12,10.65,10.2997
2015,MD,public_safety,state,2078346000,2.05,2.05,2.05,9.3177
2016,MD,public_safety,state,2104563000,1.26,2.05,1.655,9.3232
2017,MD,public_safety,state,2149174000,2.12,1.26,1.81,9.3323
2018,MD,public_safety,state,2114219000,-1.63,2.12,0.583,9.3251
2019,MD,public_safety,state,2219404000,4.98,-1.63,1.823,9.3462
2020,MD,public_safety,state,2556334000,15.18,4.98,6.177,9.4076
2021,MD,public_safety,state,2532615000,-0.93,15.18,6.41,9.4036
2022,MD,public_safety,state,2681049000,5.86,-0.93,6.703,9.4283
2023,MD,public_safety,state,3043507000,13.52,5.86,6.15,9.4834
2015,MD,transportation,state,2524010000,15.1,15.1,15.1,9.4021
2016,MD,transportation,state,2562464000,1.52,15.1,8.31,9.4087
2017,MD,transportation,state,2563326000,0.03,1.52,5.55,9.4088
2018,MD,transportation,state,2811074000,9.67,0.03,3.74,9.4489
2019,MD,transportation,state,2864143000,1.89,9.67,3.863,9.457
2020,MD,transportation,state,2677631000,-6.51,1.89,1.683,9.4278
2021,MD,transportation,state,2286272000,-14.62,-6.51,-6.413,9.3591
2022,MD,transportation,state,2649961000,15.91,-14.62,-1.74,9.4232
2023,MD,transportation,state,2462378000,-7.08,15.91,-1.93,9.3914
2015,ME,education,state,2035487000,-1.76,-1.76,-1.76,9.3087
2016,ME,education,state,2120618000,4.18,-1.76,1.21,9.3265
2017,ME,education,state,2129244000,0.41,4.18,0.943,9.3282
2018,ME,education,state,2176966000,2.24,0.41,2.277,9.3379
2019,ME,education,state,2256389000,3.65,2.24,2.1,9.3534
2020,ME,education,state,2430820000,7.73,3.65,4.54,9.3858
2021,ME,education,state,2791156000,14.82,7.73,8.733,9.4458
2022,ME,education,state,3054669000,9.44,14.82,10.663,9.485
2023,ME,education,state,3223693000,5.53,9.44,9.93,9.5084
2015,ME,environment,state,129608000,2.11,2.11,2.11,8.1126
2016,ME,environment,state,143173000,10.47,2.11,6.29,8.1559
2017,ME,environment,state,145288000,1.48,10.47,4.687,8.1622
2018,ME,environment,state,146412000,0.77,1.48,4.24,8.1656
2019,ME,environment,state,157116000,7.31,0.77,3.187,8.1962
2020,ME,environment,state,218878000,30.0,7.31,12.693,8.3402
2021,ME,environment,state,215781000,-1.41,30.0,11.967,8.334
2022,ME,environment,state,239911000,11.18,-1.41,13.257,8.3801
2023,ME,environment,state,308450000,28.57,11.18,12.78,8.4892
2015,ME,housing,state,3011951000,-13.45,-13.45,-13.45,9.4788
2016,ME,housing,state,3138846000,4.21,-13.45,-4.62,9.4968
2017,ME,housing,state,3161706000,0.73,4.21,-2.837,9.4999
2018,ME,housing,state,3333952000,5.45,0.73,3.463,9.523
2019,ME,housing,state,3512375000,5.35,5.45,3.843,9.5456
2020,ME,housing,state,4046933000,15.22,5.35,8.673,9.6071
2021,ME,housing,state,4350025000,7.49,15.22,9.353,9.6385
2022,ME,housing,state,4960094000,14.02,7.49,12.243,9.6955
2023,ME,housing,state,5596401000,12.83,14.02,11.447,9.7479
2015,ME,public_safety,state,229273000,6.99,6.99,6.99,8.3604
2016,ME,public_safety,state,245385000,7.03,6.99,7.01,8.3898
2017,ME,public_safety,state,252936000,3.08,7.03,5.7,8.403
2018,ME,public_safety,state,251489000,-0.57,3.08,3.18,8.4005
2019,ME,public_safety,state,261753000,4.08,-0.57,2.197,8.4179
2020,ME,public_safety,state,308606000,17.9,4.08,7.137,8.4894
2021,ME,public_safety,state,315511000,2.24,17.9,8.073,8.499
2022,ME,public_safety,state,326853000,3.59,2.24,7.91,8.5144
2023,ME,public_safety,state,329327000,0.76,3.59,2.197,8.5176
2015,ME,transportation,state,670152000,1.54,1.54,1.54,8.8262
2016,ME,transportation,state,778642000,16.19,1.54,8.865,8.8913
2017,ME,transportation,state,777991000,-0.08,16.19,5.883,8.891
2018,ME,transportation,state,766297000,-1.5,-0.08,4.87,8.8844
2019,ME,transportation,state,734387000,-4.16,-1.5,-1.913,8.8659
2020,ME,transportation,state,801074000,9.08,-4.16,1.14,8.9037
2021,ME,transportation,state,760476000,-5.07,9.08,-0.05,8.8811
2022,ME,transportation,state,872760000,14.76,-5.07,6.257,8.9409
2023,ME,transportation,state,894197000,2.46,14.76,4.05,8.9514
2015,MI,education,state,24211552000,1.43,1.43,1.43,10.384
2016,MI,education,state,25199445000,4.08,1.43,2.755,10.4014
2017,MI,education,state,25890299000,2.74,4.08,2.75,10.4131
2018,MI,education,state,27187531000,5.01,2.74,3.943,10.4344
2019,MI,education,state,27642874000,1.67,5.01,3.14,10.4416
2020,MI,education,state,28378114000,2.66,1.67,3.113,10.453
2021,MI,education,state,26567497000,-6.38,2.66,-0.683,10.4244
2022,MI,education,state,31460321000,18.42,-6.38,4.9,10.4978
2023,MI,education,state,34024669000,8.15,18.42,6.73,10.5318
2015,MI,environment,state,448497000,1.42,1.42,1.42,8.6518
2016,MI,environment,state,477889000,6.55,1.42,3.985,8.6793
2017,MI,environment,state,524105000,9.67,6.55,5.88,8.7194
2018,MI,environment,state,584848000,11.59,9.67,9.27,8.767
2019,MI,environment,state,647862000,10.77,11.59,10.677,8.8115
2020,MI,environment,state,602456000,-7.01,10.77,5.117,8.7799
2021,MI,environment,state,611726000,1.54,-7.01,1.767,8.7866
2022,MI,environment,state,670264000,9.57,1.54,1.367,8.8262
2023,MI,environment,state,809284000,20.74,9.57,10.617,8.9081
2015,MI,housing,state,18410125000,17.41,17.41,17.41,10.2651
2016,MI,housing,state,18707348000,1.61,17.41,9.51,10.272
2017,MI,housing,state,18791853000,0.45,1.61,6.49,10.274
2018,MI,housing,state,19324550000,2.83,0.45,1.63,10.2861
2019,MI,housing,state,21020491000,8.78,2.83,4.02,10.3226
2020,MI,housing,state,21581375000,2.67,8.78,4.76,10.3341
2021,MI,housing,state,23518423000,8.98,2.67,6.81,10.3714
2022,MI,housing,state,25322266000,7.67,8.98,6.44,10.4035
2023,MI,housing,state,26508945000,4.69,7.67,7.113,10.4234
2015,MI,public_safety,state,2359211000,2.11,2.11,2.11,9.3728
2016,MI,public_safety,state,2388884000,1.26,2.11,1.685,9.3782
2017,MI,public_safety,state,2396779000,0.33,1.26,1.233,9.3796
2018,MI,public_safety,state,2435334000,1.61,0.33,1.067,9.3866
2019,MI,public_safety,state,2494006000,2.41,1.61,1.45,9.3969
2020,MI,public_safety,state,2575229000,3.26,2.41,2.427,9.4108
2021,MI,public_safety,state,2479049000,-3.73,3.26,0.647,9.3943
2022,MI,public_safety,state,2577095000,3.95,-3.73,1.16,9.4111
2023,MI,public_safety,state,2746692000,6.58,3.95,2.267,9.4388
2015,MI,transportation,state,2532511000,-4.1,-4.1,-4.1,9.4036
2016,MI,transportation,state,2743085000,8.31,-4.1,2.105,9.4382
2017,MI,transportation,state,3012998000,9.84,8.31,4.683,9.479
2018,MI,transportation,state,3383237000,12.29,9.84,10.147,9.5293
2019,MI,transportation,state,3951165000,16.79,12.29,12.973,9.5967
2020,MI,transportation,state,4147635000,4.97,16.79,11.35,9.6178
2021,MI,transportation,state,4332680000,4.46,4.97,8.74,9.6368
2022,MI,transportation,state,4904231000,13.19,4.46,7.54,9.6906
2023,MI,transportation,state,5318709000,8.45,13.19,8.7,9.7258
2015,MN,education,state,14289649000,-2.99,-2.99,-2.99,10.155
2016,MN,education,state,15029858000,5.18,-2.99,1.095,10.177
2017,MN,education,state,16103496000,7.14,5.18,3.11,10.2069
2018,MN,education,state,16412608000,1.92,7.14,4.747,10.2152
2019,MN,education,state,16202189000,-1.28,1.92,2.593,10.2096
2020,MN,education,state,17040187000,5.17,-1.28,1.937,10.2315
2021,MN,education,state,17752188000,4.18,5.17,2.69,10.2493
2022,MN,education,state,18198714000,2.52,4.18,3.957,10.26
2023,MN,education,state,18589810000,2.15,2.52,2.95,10.2693
2015,MN,environment,state,1002560000,2.43,2.43,2.43,9.0011
2016,MN,environment,state,953974000,-4.85,2.43,-1.21,8.9795
2017,MN,environment,state,966568000,1.32,-4.85,-0.367,8.9852
2018,MN,environment,state,927356000,-4.06,1.32,-2.53,8.9672
2019,MN,environment,state,960920000,3.62,-4.06,0.293,8.9827
2020,MN,environment,state,1054417000,9.73,3.62,3.097,9.023
2021,MN,environment,state,1063922000,0.9,9.73,4.75,9.0269
2022,MN,environment,state,1097808000,3.19,0.9,4.607,9.0405
2023,MN,environment,state,1202336000,9.52,3.19,4.537,9.08
2015,MN,housing,state,12761965000,5.08,5.08,5.08,10.1059
2016,MN,housing,state,14449694000,13.22,5.08,9.15,10.1599
2017,MN,housing,state,14160731000,-2.0,13.22,5.433,10.1511
2018,MN,housing,state,16078438000,13.54,-2.0,8.253,10.2062
2019,MN,housing,state,16075483000,-0.02,13.54,3.84,10.2062
2020,MN,housing,state,17079921000,6.25,-0.02,6.59,10.2325
2021,MN,housing,state,17904724000,4.83,6.25,3.687,10.253
2022,MN,housing,state,20805356000,16.2,4.83,9.093,10.3182
2023,MN,housing,state,22980564000,10.46,16.2,10.497,10.3614
2015,MN,public_safety,state,965440000,5.18,5.18,5.18,8.9847
2016,MN,public_safety,state,995144000,3.08,5.18,4.13,8.9979
2017,MN,public_safety,state,1050370000,5.55,3.08,4.603,9.0213
2018,MN,public_safety,state,1102910000,5.0,5.55,4.543,9.0425
2019,MN,public_safety,state,1174903000,6.53,5.0,5.693,9.07
2020,MN,public_safety,state,1189729000,1.26,6.53,4.263,9.0754
2021,MN,public_safety,state,1266508000,6.45,1.26,4.747,9.1026
2022,MN,public_safety,state,1278929000,0.98,6.45,2.897,9.1068
2023,MN,public_safety,state,1389177000,8.62,0.98,5.35,9.1428
2015,MN,transportation,state,2982144000,5.0,5.0,5.0,9.4745
2016,MN,transportation,state,3199357000,7.28,5.0,6.14,9.5051
2017,MN,transportation,state,2797257000,-12.57,7.28,-0.097,9.4467
2018,MN,transportation,state,2764069000,-1.19,-12.57,-2.16,9.4415
2019,MN,transportation,state,3091304000,11.84,-1.19,-0.64,9.4901
2020,MN,transportation,state,3307878000,7.01,11.84,5.887,9.5195
2021,MN,transportation,state,3146785000,-4.87,7.01,4.66,9.4979
2022,MN,transportation,state,3162032000,0.48,-4.87,0.873,9.5
2023,MN,transportation,state,3513333000,11.11,0.48,2.24,9.5457
2015,MO,education,state,9507971000,3.72,3.72,3.72,9.9781
2016,MO,education,state,9660500000,1.6,3.72,2.66,9.985
2017,MO,education,state,9888910000,2.36,1.6,2.56,9.9951
2018,MO,education,state,9820813000,-0.69,2.36,1.09,9.9921
2019,MO,education,state,10156760000,3.42,-0.69,1.697,10.0068
2020,MO,education,state,10324021000,1.65,3.42,1.46,10.0138
2021,MO,education,state,10600115000,2.67,1.65,2.58,10.0253
2022,MO,education,state,12004706000,13.25,2.67,5.857,10.0794
2023,MO,education,state,12869957000,7.21,13.25,7.71,10.1096
2015,MO,environment,state,410143000,7.05,7.05,7.05,8.6129
2016,MO,environment,state,439658000,7.2,7.05,7.125,8.6431
2017,MO,environment,state,435906000,-0.85,7.2,4.467,8.6394
2018,MO,environment,state,417463000,-4.23,-0.85,0.707,8.6206
2019,MO,environment,state,356311000,-14.65,-4.23,-6.577,8.5518
2020,MO,environment,state,441885000,24.02,-14.65,1.713,8.6453
2021,MO,environment,state,406872000,-7.92,24.02,0.483,8.6095
2022,MO,environment,state,450531000,10.73,-7.92,8.943,8.6537
2023,MO,environment,state,503641000,11.79,10.73,4.867,8.7021
2015,MO,housing,state,8676992000,3.5,3.5,3.5,9.9384
2016,MO,housing,state,8897083000,2.54,3.5,3.02,9.9492
2017,MO,housing,state,9227255000,3.71,2.54,3.25,9.9651
2018,MO,housing,state,9685146000,4.96,3.71,3.737,9.9861
2019,MO,housing,state,9862450000,1.83,4.96,3.5,9.994
2020,MO,housing,state,10215706000,3.58,1.83,3.457,10.0093
2021,MO,housing,state,10890277000,6.6,3.58,4.003,10.037
2022,MO,housing,state,12039961000,10.56,6.6,6.913,10.0806
2023,MO,housing,state,15240513000,26.58,10.56,14.58,10.183
2015,MO,public_safety,state,1020783000,-2.9,-2.9,-2.9,9.0089
2016,MO,public_safety,state,1004934000,-1.55,-2.9,-2.225,9.0021
2017,MO,public_safety,state,1022748000,1.77,-1.55,-0.893,9.0098
2018,MO,public_safety,state,1042622000,1.94,1.77,0.72,9.0181
2019,MO,public_safety,state,1061426000,1.8,1.94,1.837,9.0259
2020,MO,public_safety,state,1133710000,6.81,1.8,3.517,9.0545
2021,MO,public_safety,state,987455000,-12.9,6.81,-1.43,8.9945
2022,MO,public_safety,state,1125432000,13.97,-12.9,2.627,9.0513
2023,MO,public_safety,state,1326439000,17.86,13.97,6.31,9.1227
2015,MO,transportation,state,1424753000,-0.26,-0.26,-0.26,9.1537
2016,MO,transportation,state,1330238000,-6.63,-0.26,-3.445,9.1239
2017,MO,transportation,state,1338083000,0.59,-6.63,-2.1,9.1265
2018,MO,transportation,state,1488273000,11.22,0.59,1.727,9.1727
2019,MO,transportation,state,1467590000,-1.39,11.22,3.473,9.1666
2020,MO,transportation,state,1730946000,17.94,-1.39,9.257,9.2383
2021,MO,transportation,state,1758135000,1.57,17.94,6.04,9.2451
2022,MO,transportation,state,1823186000,3.7,1.57,7.737,9.2608
2023,MO,transportation,state,2352881000,29.05,3.7,11.44,9.3716
2015,MS,education,state,5791535000,4.43,4.43,4.43,9.7628
2016,MS,education,state,6388842000,10.31,4.43,7.37,9.8054
2017,MS,education,state,5924765000,-7.26,10.31,2.493,9.7727
2018,MS,education,state,5824099000,-1.7,-7.26,0.45,9.7652
2019,MS,education,state,5906226000,1.41,-1.7,-2.517,9.7713
2020,MS,education,state,6066845000,2.72,1.41,0.81,9.783
2021,MS,education,state,6248285000,2.99,2.72,2.373,9.7958
2022,MS,education,state,6696133000,7.17,2.99,4.293,9.8258
2023,MS,education,state,7746062000,15.68,7.17,8.613,9.8891
2015,MS,environment,state,394459000,19.37,19.37,19.37,8.596
2016,MS,environment,state,319601000,-18.98,19.37,0.195,8.5046
2017,MS,environment,state,351419000,9.96,-18.98,3.45,8.5458
2018,MS,environment,state,356002000,1.3,9.96,-2.573,8.5515
2019,MS,environment,state,328697000,-7.67,1.3,1.197,8.5168
2020,MS,environment,state,342511000,4.2,-7.67,-0.723,8.5347
2021,MS,environment,state,346306000,1.11,4.2,-0.787,8.5395
2022,MS,environment,state,398632000,15.11,1.11,6.807,8.6006
2023,MS,environment,state,435218000,9.18,15.11,8.467,8.6387
2015,MS,housing,state,6228236000,7.16,7.16,7.16,9.7944
2016,MS,housing,state,6572325000,5.52,7.16,6.34,9.8177
2017,MS,housing,state,6757395000,2.82,5.52,5.167,9.8298
2018,MS,housing,state,6694614000,-0.93,2.82,2.47,9.8257
2019,MS,housing,state,6787390000,1.39,-0.93,1.093,9.8317
2020,MS,housing,state,6963205000,2.59,1.39,1.017,9.8428
2021,MS,housing,state,7061869000,1.42,2.59,1.8,9.8489
2022,MS,housing,state,7375049000,4.43,1.42,2.813,9.8678
2023,MS,housing,state,7966863000,8.02,4.43,4.623,9.9013
2015,MS,public_safety,state,534188000,7.06,7.06,7.06,8.7277
2016,MS,public_safety,state,475720000,-10.95,7.06,-1.945,8.6774
2017,MS,public_safety,state,492320000,3.49,-10.95,-0.133,8.6922
2018,MS,public_safety,state,485016000,-1.48,3.49,-2.98,8.6858
2019,MS,public_safety,state,497970000,2.67,-1.48,1.56,8.6972
2020,MS,public_safety,state,503456000,1.1,2.67,0.763,8.702
2021,MS,public_safety,state,519289000,3.14,1.1,2.303,8.7154
2022,MS,public_safety,state,504969000,-2.76,3.14,0.493,8.7033
2023,MS,public_safety,state,596135000,18.05,-2.76,6.143,8.7753
2015,MS,transportation,state,1327966000,-3.49,-3.49,-3.49,9.1232
2016,MS,transportation,state,1054046000,-20.0,-3.49,-11.745,9.0229
2017,MS,transportation,state,1163541000,10.39,-20.0,-4.367,9.0658
2018,MS,transportation,state,1156606000,-0.6,10.39,-3.403,9.0632
2019,MS,transportation,state,1128882000,-2.4,-0.6,2.463,9.0526
2020,MS,transportation,state,1127802000,-0.1,-2.4,-1.033,9.0522
2021,MS,transportation,state,1202197000,6.6,-0.1,1.367,9.08
2022,MS,transportation,state,1144430000,-4.81,6.6,0.563,9.0586
2023,MS,transportation,state,1417513000,23.86,-4.81,8.55,9.1515
2015,MT,education,state,1798401000,4.01,4.01,4.01,9.2549
2016,MT,education,state,1870825000,4.03,4.01,4.02,9.272
2017,MT,education,state,1917487000,2.49,4.03,3.51,9.2827
2018,MT,education,state,1893109000,-1.27,2.49,1.75,9.2772
2019,MT,education,state,1917262000,1.28,-1.27,0.833,9.2827
2020,MT,education,state,1958522000,2.15,1.28,0.72,9.2919
2021,MT,education,state,2046276000,4.48,2.15,2.637,9.311
2022,MT,education,state,2146036000,4.88,4.48,3.837,9.3316
2023,MT,education,state,2322921000,8.24,4.88,5.867,9.366
2015,MT,environment,state,257019000,-4.78,-4.78,-4.78,8.41
2016,MT,environment,state,234680000,-8.69,-4.78,-6.735,8.3705
2017,MT,environment,state,302390000,28.85,-8.69,5.127,8.4806
2018,MT,environment,state,328252000,8.55,28.85,9.57,8.5162
2019,MT,environment,state,301435000,-8.17,8.55,9.743,8.4792
2020,MT,environment,state,320198000,6.22,-8.17,2.2,8.5054
2021,MT,environment,state,369335000,15.35,6.22,4.467,8.5674
2022,MT,environment,state,324492000,-12.14,15.35,3.143,8.5112
2023,MT,environment,state,381981000,17.72,-12.14,6.977,8.582
2015,MT,housing,state,1459870000,2.82,2.82,2.82,9.1643
2016,MT,housing,state,1709086000,17.07,2.82,9.945,9.2328
2017,MT,housing,state,2169871000,26.96,17.07,15.617,9.3364
2018,MT,housing,state,2220855000,2.35,26.96,15.46,9.3465
2019,MT,housing,state,2257770000,1.66,2.35,10.323,9.3537
2020,MT,housing,state,2424845000,7.4,1.66,3.803,9.3847
2021,MT,housing,state,2723012000,12.3,7.4,7.12,9.435
2022,MT,housing,state,2910332000,6.88,12.3,8.86,9.4639
2023,MT,housing,state,3024979000,3.94,6.88,7.707,9.4807
2015,MT,public_safety,state,256957000,7.5,7.5,7.5,8.4099
2016,MT,public_safety,state,267934000,4.27,7.5,5.885,8.428
2017,MT,public_safety,state,268941000,0.38,4.27,4.05,8.4297
2018,MT,public_safety,state,274963000,2.24,0.38,2.297,8.4393
2019,MT,public_safety,state,274019000,-0.34,2.24,0.76,8.4378
2020,MT,public_safety,state,312510000,14.05,-0.34,5.317,8.4949
2021,MT,public_safety,state,318409000,1.89,14.05,5.2,8.503
2022,MT,public_safety,state,299070000,-6.07,1.89,3.29,8.4758
2023,MT,public_safety,state,338890000,13.31,-6.07,3.043,8.5301
2015,MT,transportation,state,692064000,1.88,1.88,1.88,8.8401
2016,MT,transportation,state,646029000,-6.65,1.88,-2.385,8.8103
2017,MT,transportation,state,612622000,-5.17,-6.65,-3.313,8.7872
2018,MT,transportation,state,645093000,5.3,-5.17,-2.173,8.8096
2019,MT,transportation,state,746869000,15.78,5.3,5.303,8.8732
2020,MT,transportation,state,823722000,10.29,15.78,10.457,8.9158
2021,MT,transportation,state,793913000,-3.62,10.29,7.483,8.8998
2022,MT,transportation,state,752644000,-5.2,-3.62,0.49,8.8766
2023,MT,transportation,state,917717000,21.93,-5.2,4.37,8.9627
2015,NC,education,state,19912132000,4.26,4.26,4.26,10.2991
2016,NC,education,state,20290248000,1.9,4.26,3.08,10.3073
2017,NC,education,state,21131983000,4.15,1.9,3.437,10.3249
2018,NC,education,state,21864660000,3.47,4.15,3.173,10.3397
2019,NC,education,state,22768346000,4.13,3.47,3.917,10.3573
2020,NC,education,state,23278030000,2.24,4.13,3.28,10.3669
2021,NC,education,state,24309949000,4.43,2.24,3.6,10.3858
2015,NC,environment,state,621284000,0.93,0.93,0.93,8.7933
2016,NC,environment,state,643259000,3.54,0.93,2.235,8.8084
2017,NC,environment,state,694747000,8.0,3.54,4.157,8.8418
2018,NC,environment,state,740907000,6.64,8.0,6.06,8.8698
2019,NC,environment,state,999995000,30.0,6.64,14.88,9.0
2020,NC,environment,state,1019734000,1.97,30.0,12.87,9.0085
2021,NC,environment,state,994102000,-2.51,1.97,9.82,8.9974
2015,NC,housing,state,14560381000,6.58,6.58,6.58,10.1632
2016,NC,housing,state,14195258000,-2.51,6.58,2.035,10.1521
2017,NC,housing,state,14672721000,3.36,-2.51,2.477,10.1665
2018,NC,housing,state,15076808000,2.75,3.36,1.2,10.1783
2019,NC,housing,state,15479820000,2.67,2.75,2.927,10.1898
2020,NC,housing,state,16987474000,9.74,2.67,5.053,10.2301
2021,NC,housing,state,19932563000,17.34,9.74,9.917,10.2996
2015,NC,public_safety,state,1776155000,5.27,5.27,5.27,9.2495
2016,NC,public_safety,state,1866938000,5.11,5.27,5.19,9.2711
2017,NC,public_safety,state,1937332000,3.77,5.11,4.717,9.2872
2018,NC,public_safety,state,1983084000,2.36,3.77,3.747,9.2973
2019,NC,public_safety,state,2066294000,4.2,2.36,3.443,9.3152
2020,NC,public_safety,state,2320361000,12.3,4.2,6.287,9.3656
2021,NC,public_safety,state,2504338000,7.93,12.3,8.143,9.3987
2015,NC,transportation,state,3791251000,-1.53,-1.53,-1.53,9.5788
2016,NC,transportation,state,4033354000,6.39,-1.53,2.43,9.6057
2017,NC,transportation,state,4476105000,10.98,6.39,5.28,9.6509
2018,NC,transportation,state,5303644000,18.49,10.98,11.953,9.7246
2019,NC,transportation,state,6184868000,16.62,18.49,15.363,9.7913
2020,NC,transportation,state,5572582000,-9.9,16.62,8.403,9.7461
2021,NC,transportation,state,4874260000,-12.53,-9.9,-1.937,9.6879
2015,ND,education,state,2307999000,5.79,5.79,5.79,9.3632
2016,ND,education,state,2501227000,8.37,5.79,7.08,9.3982
2017,ND,education,state,2344967000,-6.25,8.37,2.637,9.3701
2018,ND,education,state,2271402000,-3.14,-6.25,-0.34,9.3563
2019,ND,education,state,2395545000,5.47,-3.14,-1.307,9.3794
2020,ND,education,state,2468167000,3.03,5.47,1.787,9.3924
2021,ND,education,state,2762598000,11.93,3.03,6.81,9.4413
2015,ND,environment,state,241066000,10.92,10.92,10.92,8.3821
2016,ND,environment,state,170653000,-20.0,10.92,-4.54,8.2321
2017,ND,environment,state,266311000,30.0,-20.0,6.973,8.4254
2018,ND,environment,state,236499000,-11.19,30.0,-0.397,8.3738
2019,ND,environment,state,239388000,1.22,-11.19,6.677,8.3791
2020,ND,environment,state,248162000,3.67,1.22,-2.1,8.3947
2021,ND,environment,state,361683000,30.0,3.67,11.63,8.5583
2015,ND,housing,state,1385251000,25.93,25.93,25.93,9.1415
2016,ND,housing,state,1473946000,6.4,25.93,16.165,9.1685
2017,ND,housing,state,1470825000,-0.21,6.4,10.707,9.1676
2018,ND,housing,state,1555804000,5.78,-0.21,3.99,9.192
2019,ND,housing,state,1566235000,0.67,5.78,2.08,9.1949
2020,ND,housing,state,1686915000,7.71,0.67,4.72,9.2271
2021,ND,housing,state,1786618000,5.91,7.71,4.763,9.252
2015,ND,public_safety,state,128507000,8.27,8.27,8.27,8.1089
2016,ND,public_safety,state,130256000,1.36,8.27,4.815,8.1148
2017,ND,public_safety,state,148875000,14.29,1.36,7.973,8.1728
2018,ND,public_safety,state,142595000,-4.22,14.29,3.81,8.1541
2019,ND,public_safety,state,153857000,7.9,-4.22,5.99,8.1871
2020,ND,public_safety,state,167918000,9.14,7.9,4.273,8.2251
2021,ND,public_safety,state,178324000,6.2,9.14,7.747,8.2512
2015,ND,transportation,state,1221559000,-9.99,-9.99,-9.99,9.0869
2016,ND,transportation,state,1402911000,14.85,-9.99,2.43,9.147
2017,ND,transportation,state,1063696000,-20.0,14.85,-5.047,9.0268
2018,ND,transportation,state,752320000,-20.0,-20.0,-8.383,8.8764
2019,ND,transportation,state,767111000,1.97,-20.0,-12.677,8.8849
2020,ND,transportation,state,761276000,-0.76,1.97,-6.263,8.8815
2021,ND,transportation,state,818612000,7.53,-0.76,2.913,8.9131
2015,NE,education,state,3593464000,4.73,4.73,4.73,9.5555
2016,NE,education,state,3911382000,8.85,4.73,6.79,9.5923
2017,NE,education,state,3873090000,-0.98,8.85,4.2,9.5881
2018,NE,education,state,3869733000,-0.09,-0.98,2.593,9.5877
2019,NE,education,state,3898084000,0.73,-0.09,-0.113,9.5909
2020,NE,education,state,4105013000,5.31,0.73,1.983,9.6133
2021,NE,education,state,4221163000,2.83,5.31,2.957,9.6254
2022,NE,education,state,4639522000,9.91,2.83,6.017,9.6665
2023,NE,education,state,4742228000,2.21,9.91,4.983,9.676
2015,NE,environment,state,356384000,8.24,8.24,8.24,8.5519
2016,NE,environment,state,252891000,-20.0,8.24,-5.88,8.4029
2017,NE,environment,state,290491000,14.87,-20.0,1.037,8.4631
2018,NE,environment,state,287109000,-1.16,14.87,-2.097,8.458
2019,NE,environment,state,286972000,-0.05,-1.16,4.553,8.4578
2020,NE,environment,state,278604000,-2.92,-0.05,-1.377,8.445
2021,NE,environment,state,268872000,-3.49,-2.92,-2.153,8.4295
2022,NE,environment,state,280635000,4.37,-3.49,-0.68,8.4481
2023,NE,environment,state,470050000,30.0,4.37,10.293,8.6721
2015,NE,housing,state,2493798000,-2.15,-2.15,-2.15,9.3969
2016,NE,housing,state,2478245000,-0.62,-2.15,-1.385,9.3941
2017,NE,housing,state,2745847000,10.8,-0.62,2.677,9.4387
2018,NE,housing,state,2800679000,2.0,10.8,4.06,9.4473
2019,NE,housing,state,2794802000,-0.21,2.0,4.197,9.4464
2020,NE,housing,state,2892870000,3.51,-0.21,1.767,9.4613
2021,NE,housing,state,3641438000,25.88,3.51,9.727,9.5613
2022,NE,housing,state,4242099000,16.5,25.88,15.297,9.6276
2023,NE,housing,state,4998959000,17.84,16.5,20.073,9.6989
2015,NE,public_safety,state,431782000,19.58,19.58,19.58,8.6353
2016,NE,public_safety,state,450747000,4.39,19.58,11.985,8.6539
2017,NE,public_safety,state,460097000,2.07,4.39,8.68,8.6628
2018,NE,public_safety,state,462038000,0.42,2.07,2.293,8.6647
2019,NE,public_safety,state,473939000,2.58,0.42,1.69,8.6757
2020,NE,public_safety,state,549175000,15.87,2.58,6.29,8.7397
2021,NE,public_safety,state,536091000,-2.38,15.87,5.357,8.7292
2022,NE,public_safety,state,599350000,11.8,-2.38,8.43,8.7777
2023,NE,public_safety,state,673550000,12.38,11.8,7.267,8.8284
2015,NE,transportation,state,802515000,5.16,5.16,5.16,8.9045
2016,NE,transportation,state,901443000,12.33,5.16,8.745,8.9549
2017,NE,transportation,state,824452000,-8.54,12.33,2.983,8.9162
2018,NE,transportation,state,833252000,1.07,-8.54,1.62,8.9208
2019,NE,transportation,state,811826000,-2.57,1.07,-3.347,8.9095
2020,NE,transportation,state,984287000,21.24,-2.57,6.58,8.9931
2021,NE,transportation,state,967129000,-1.74,21.24,5.643,8.9855
2022,NE,transportation,state,997312000,3.12,-1.74,7.54,8.9988
2023,NE,transportation,state,1184597000,18.78,3.12,6.72,9.0736
2015,NH,education,state,2277515000,2.85,2.85,2.85,9.3575
2016,NH,education,state,2391848000,5.02,2.85,3.935,9.3787
2017,NH,education,state,2377784000,-0.59,5.02,2.427,9.3762
2018,NH,education,state,2304692000,-3.07,-0.59,0.453,9.3626
2019,NH,education,state,2304994000,0.01,-3.07,-1.217,9.3627
2020,NH,education,state,2393050000,3.82,0.01,0.253,9.379
2021,NH,education,state,2637701000,10.22,3.82,4.683,9.4212
2015,NH,environment,state,76683000,10.0,10.0,10.0,7.8847
2016,NH,environment,state,83585000,9.0,10.0,9.5,7.9221
2017,NH,environment,state,85818000,2.67,9.0,7.223,7.9336
2018,NH,environment,state,86368000,0.64,2.67,4.103,7.9364
2019,NH,environment,state,83745000,-3.04,0.64,0.09,7.923
2020,NH,environment,state,78752000,-5.96,-3.04,-2.787,7.8963
2021,NH,environment,state,74863000,-4.94,-5.96,-4.647,7.8743
2015,NH,housing,state,2106083000,19.33,19.33,19.33,9.3235
2016,NH,housing,state,2423371000,15.07,19.33,17.2,9.3844
2017,NH,housing,state,2561731000,5.71,15.07,13.37,9.4085
2018,NH,housing,state,2597379000,1.39,5.71,7.39,9.4145
2019,NH,housing,state,2646521000,1.89,1.39,2.997,9.4227
2020,NH,housing,state,2796088000,5.65,1.89,2.977,9.4466
2021,NH,housing,state,3210944000,14.84,5.65,7.46,9.5066
2015,NH,public_safety,state,184540000,8.04,8.04,8.04,8.2661
2016,NH,public_safety,state,184312000,-0.12,8.04,3.96,8.2656
2017,NH,public_safety,state,217771000,18.15,-0.12,8.69,8.338
2018,NH,public_safety,state,201886000,-7.29,18.15,3.58,8.3051
2019,NH,public_safety,state,204052000,1.07,-7.29,3.977,8.3097
2020,NH,public_safety,state,238922000,17.09,1.07,3.623,8.3783
2021,NH,public_safety,state,240556000,0.68,17.09,6.28,8.3812
2015,NH,transportation,state,507557000,-5.22,-5.22,-5.22,8.7055
2016,NH,transportation,state,479911000,-5.45,-5.22,-5.335,8.6812
2017,NH,transportation,state,528233000,10.07,-5.45,-0.2,8.7228
2018,NH,transportation,state,541123000,2.44,10.07,2.353,8.7333
2019,NH,transportation,state,517538000,-4.36,2.44,2.717,8.7139
2020,NH,transportation,state,544844000,5.28,-4.36,1.12,8.7363
2021,NH,transportation,state,512034000,-6.02,5.28,-1.7,8.7093
2015,NJ,education,state,22285616000,3.36,3.36,3.36,10.348
2016,NJ,education,state,23464851000,5.29,3.36,4.325,10.3704
2017,NJ,education,state,24292620000,3.53,5.29,4.06,10.3855
2018,NJ,education,state,22703551000,-6.54,3.53,0.76,10.3561
2019,NJ,education,state,27180188000,19.72,-6.54,5.57,10.4343
2020,NJ,education,state,26374393000,-2.96,19.72,3.407,10.4212
2021,NJ,education,state,25064602000,-4.97,-2.96,3.93,10.3991
2015,NJ,environment,state,796624000,5.17,5.17,5.17,8.9013
2016,NJ,environment,state,769351000,-3.42,5.17,0.875,8.8861
2017,NJ,environment,state,740362000,-3.77,-3.42,-0.673,8.8694
2018,NJ,environment,state,749991000,1.3,-3.77,-1.963,8.8751
2019,NJ,environment,state,700233000,-6.63,1.3,-3.033,8.8452
2020,NJ,environment,state,752845000,7.51,-6.63,0.727,8.8767
2021,NJ,environment,state,862125000,14.52,7.51,5.133,8.9356
2015,NJ,housing,state,17094670000,15.89,15.89,15.89,10.2329
2016,NJ,housing,state,17476845000,2.24,15.89,9.065,10.2425
2017,NJ,housing,state,18956545000,8.47,2.24,8.867,10.2778
2018,NJ,housing,state,19371264000,2.19,8.47,4.3,10.2872
2019,NJ,housing,state,19747214000,1.94,2.19,4.2,10.2955
2020,NJ,housing,state,20728438000,4.97,1.94,3.033,10.3166
2021,NJ,housing,state,22809970000,10.04,4.97,5.65,10.3581
2015,NJ,public_safety,state,2302914000,-7.45,-7.45,-7.45,9.3623
2016,NJ,public_safety,state,2267385000,-1.54,-7.45,-4.495,9.3555
2017,NJ,public_safety,state,2248192000,-0.85,-1.54,-3.28,9.3518
2018,NJ,public_safety,state,2248320000,0.01,-0.85,-0.793,9.3519
2019,NJ,public_safety,state,2422859000,7.76,0.01,2.307,9.3843
2020,NJ,public_safety,state,2714684000,12.04,7.76,6.603,9.4337
2021,NJ,public_safety,state,2795050000,2.96,12.04,7.587,9.4464
2015,NJ,transportation,state,3884642000,-6.25,-6.25,-6.25,9.5894
2016,NJ,transportation,state,3526176000,-9.23,-6.25,-7.74,9.5473
2017,NJ,transportation,state,2850372000,-19.17,-9.23,-11.55,9.4549
2018,NJ,transportation,state,3123724000,9.59,-19.17,-6.27,9.4947
2019,NJ,transportation,state,3485592000,11.58,9.59,0.667,9.5423
2020,NJ,transportation,state,3331477000,-4.42,11.58,5.583,9.5226
2021,NJ,transportation,state,3242927000,-2.66,-4.42,1.5,9.5109
2015,NM,education,state,5840534000,5.74,5.74,5.74,9.7665
2016,NM,education,state,5930635000,1.54,5.74,3.64,9.7731
2017,NM,education,state,5956142000,0.43,1.54,2.57,9.775
2018,NM,education,state,6081138000,2.1,0.43,1.357,9.784
2019,NM,education,state,5957731000,-2.03,2.1,0.167,9.7751
2020,NM,education,state,5968757000,0.19,-2.03,0.087,9.7759
2021,NM,education,state,6521748000,9.26,0.19,2.473,9.8144
2015,NM,environment,state,282505000,13.39,13.39,13.39,8.451
2016,NM,environment,state,258432000,-8.52,13.39,2.435,8.4123
2017,NM,environment,state,294359000,13.9,-8.52,6.257,8.4689
2018,NM,environment,state,249665000,-15.18,13.9,-3.267,8.3974
2019,NM,environment,state,295690000,18.43,-15.18,5.717,8.4708
2020,NM,environment,state,302982000,2.47,18.43,1.907,8.4814
2021,NM,environment,state,326174000,7.65,2.47,9.517,8.5134
2015,NM,housing,state,5689510000,30.0,30.0,30.0,9.7551
2016,NM,housing,state,6175212000,8.54,30.0,19.27,9.7907
2017,NM,housing,state,5923297000,-4.08,8.54,11.487,9.7726
2018,NM,housing,state,6238404000,5.32,-4.08,3.26,9.7951
2019,NM,housing,state,6213256000,-0.4,5.32,0.28,9.7933
2020,NM,housing,state,7283848000,17.23,-0.4,7.383,9.8624
2021,NM,housing,state,8228629000,12.97,17.23,9.933,9.9153
2015,NM,public_safety,state,602230000,15.96,15.96,15.96,8.7798
2016,NM,public_safety,state,623559000,3.54,15.96,9.75,8.7949
2017,NM,public_safety,state,625118000,0.25,3.54,6.583,8.796
2018,NM,public_safety,state,631841000,1.08,0.25,1.623,8.8006
2019,NM,public_safety,state,665436000,5.32,1.08,2.217,8.8231
2020,NM,public_safety,state,738739000,11.02,5.32,5.807,8.8685
2021,NM,public_safety,state,722978000,-2.13,11.02,4.737,8.8591
2015,NM,transportation,state,781409000,6.96,6.96,6.96,8.8929
2016,NM,transportation,state,710946000,-9.02,6.96,-1.03,8.8518
2017,NM,transportation,state,649304000,-8.67,-9.02,-3.577,8.8124
2018,NM,transportation,state,695870000,7.17,-8.67,-3.507,8.8425
2019,NM,transportation,state,766340000,10.13,7.17,2.877,8.8844
2020,NM,transportation,state,881361000,15.01,10.13,10.77,8.9452
2021,NM,transportation,state,966928000,9.71,15.01,11.617,8.9854
2015,NV,education,state,4714642000,5.47,5.47,5.47,9.6734
2016,NV,education,state,4652539000,-1.32,5.47,2.075,9.6677
2017,NV,education,state,5150201000,10.7,-1.32,4.95,9.7118
2018,NV,education,state,5654125000,9.78,10.7,6.387,9.7524
2019,NV,education,state,5629287000,-0.44,9.78,6.68,9.7505
2020,NV,education,state,5886576000,4.57,-0.44,4.637,9.7699
2021,NV,education,state,6069691000,3.11,4.57,2.413,9.7832
2022,NV,education,state,6645324000,9.48,3.11,5.72,9.8225
2023,NV,education,state,10368747000,30.0,9.48,14.197,10.0157
2015,NV,environment,state,114295000,-8.18,-8.18,-8.18,8.058
2016,NV,environment,state,115962000,1.46,-8.18,-3.36,8.0643
2017,NV,environment,state,161164000,30.0,1.46,7.76,8.2073
2018,NV,environment,state,176228000,9.35,30.0,13.603,8.2461
2019,NV,environment,state,180214000,2.26,9.35,13.87,8.2558
2020,NV,environment,state,209122000,16.04,2.26,9.217,8.3204
2021,NV,environment,state,186672000,-10.74,16.04,2.52,8.2711
2022,NV,environment,state,181512000,-2.76,-10.74,0.847,8.2589
2023,NV,environment,state,206914000,13.99,-2.76,0.163,8.3158
2015,NV,housing,state,3154084000,30.0,30.0,30.0,9.4989
2016,NV,housing,state,3372920000,6.94,30.0,18.47,9.528
2017,NV,housing,state,3732718000,10.67,6.94,15.87,9.572
2018,NV,housing,state,3964016000,6.2,10.67,7.937,9.5981
2019,NV,housing,state,4316008000,8.88,6.2,8.583,9.6351
2020,NV,housing,state,4418905000,2.38,8.88,5.82,9.6453
2021,NV,housing,state,4504613000,1.94,2.38,4.4,9.6537
2022,NV,housing,state,5063354000,12.4,1.94,5.573,9.7044
2023,NV,housing,state,6117250000,20.81,12.4,11.717,9.7866
2015,NV,public_safety,state,336172000,-1.25,-1.25,-1.25,8.5266
2016,NV,public_safety,state,353333000,5.1,-1.25,1.925,8.5482
2017,NV,public_safety,state,407384000,15.3,5.1,6.383,8.61
2018,NV,public_safety,state,443075000,8.76,15.3,9.72,8.6465
2019,NV,public_safety,state,432477000,-2.39,8.76,7.223,8.636
2020,NV,public_safety,state,531159000,22.82,-2.39,9.73,8.7252
2021,NV,public_safety,state,551924000,3.91,22.82,8.113,8.7419
2022,NV,public_safety,state,545137000,-1.23,3.91,8.5,8.7365
2023,NV,public_safety,state,535702000,-1.73,-1.23,0.317,8.7289
2015,NV,transportation,state,603588000,21.65,21.65,21.65,8.7807
2016,NV,transportation,state,706200000,17.0,21.65,19.325,8.8489
2017,NV,transportation,state,1000374000,30.0,17.0,22.883,9.0002
2018,NV,transportation,state,1046171000,4.58,30.0,17.193,9.0196
2019,NV,transportation,state,905590000,-13.44,4.58,7.047,8.9569
2020,NV,transportation,state,999093000,10.33,-13.44,0.49,8.9996
2021,NV,transportation,state,894371000,-10.48,10.33,-4.53,8.9515
2022,NV,transportation,state,973877000,8.89,-10.48,2.913,8.9885
2023,NV,transportation,state,1058769000,8.72,8.89,2.377,9.0248
2015,NY,education,state,43024231000,1.7,1.7,1.7,10.6337
2016,NY,education,state,46294695000,7.6,1.7,4.65,10.6655
2017,NY,education,state,46348765000,0.12,7.6,3.14,10.666
2018,NY,education,state,46901379000,1.19,0.12,2.97,10.6712
2019,NY,education,state,48595418000,3.61,1.19,1.64,10.6866
2020,NY,education,state,49556575000,1.98,3.61,2.26,10.6951
2021,NY,education,state,47100508000,-4.96,1.98,0.21,10.673
2015,NY,environment,state,1210504000,15.55,15.55,15.55,9.083
2016,NY,environment,state,1152680000,-4.78,15.55,5.385,9.0617
2017,NY,environment,state,1300880000,12.86,-4.78,7.877,9.1142
2018,NY,environment,state,1297577000,-0.25,12.86,2.61,9.1131
2019,NY,environment,state,1471966000,13.44,-0.25,8.683,9.1679
2020,NY,environment,state,1461120000,-0.74,13.44,4.15,9.1647
2021,NY,environment,state,1317736000,-9.81,-0.74,0.963,9.1198
2015,NY,housing,state,58001659000,7.9,7.9,7.9,10.7634
2016,NY,housing,state,63046790000,8.7,7.9,8.3,10.7997
2017,NY,housing,state,66871098000,6.07,8.7,7.557,10.8252
2018,NY,housing,state,71586122000,7.05,6.07,7.273,10.8548
2019,NY,housing,state,75185226000,5.03,7.05,6.05,10.8761
2020,NY,housing,state,79154099000,5.28,5.03,5.787,10.8985
2021,NY,housing,state,78463127000,-0.87,5.28,3.147,10.8947
2015,NY,public_safety,state,3980491000,0.68,0.68,0.68,9.5999
2016,NY,public_safety,state,4150700000,4.28,0.68,2.48,9.6181
2017,NY,public_safety,state,4236140000,2.06,4.28,2.34,9.627
2018,NY,public_safety,state,4263378000,0.64,2.06,2.327,9.6298
2019,NY,public_safety,state,4285578000,0.52,0.64,1.073,9.632
2020,NY,public_safety,state,4657463000,8.68,0.52,3.28,9.6681
2021,NY,public_safety,state,4120478000,-11.53,8.68,-0.777,9.6149
2015,NY,transportation,state,5410357000,9.63,9.63,9.63,9.7332
2016,NY,transportation,state,5462359000,0.96,9.63,5.295,9.7374
2017,NY,transportation,state,6151516000,12.62,0.96,7.737,9.789
2018,NY,transportation,state,7381820000,20.0,12.62,11.193,9.8682
2019,NY,transportation,state,7876706000,6.7,20.0,13.107,9.8963
2020,NY,transportation,state,5682740000,-20.0,6.7,2.233,9.7546
2021,NY,transportation,state,6273221000,10.39,-20.0,-0.97,9.7975
2015,OH,education,state,22208885000,2.4,2.4,2.4,10.3465
2016,OH,education,state,22346467000,0.62,2.4,1.51,10.3492
2017,OH,education,state,22941910000,2.66,0.62,1.893,10.3606
2018,OH,education,state,23297437000,1.55,2.66,1.61,10.3673
2019,OH,education,state,22856498000,-1.89,1.55,0.773,10.359
2020,OH,education,state,23770412000,4.0,-1.89,1.22,10.376
2021,OH,education,state,23340114000,-1.81,4.0,0.1,10.3681
2022,OH,education,state,26714490000,14.46,-1.81,5.55,10.4267
2023,OH,education,state,28094481000,5.17,14.46,5.94,10.4486
2015,OH,environment,state,476543000,7.81,7.81,7.81,8.6781
2016,OH,environment,state,508235000,6.65,7.81,7.23,8.7061
2017,OH,environment,state,520729000,2.46,6.65,5.64,8.7166
2018,OH,environment,state,541175000,3.93,2.46,4.347,8.7333
2019,OH,environment,state,547445000,1.16,3.93,2.517,8.7383
2020,OH,environment,state,519296000,-5.14,1.16,-0.017,8.7154
2021,OH,environment,state,633348000,21.96,-5.14,5.993,8.8016
2022,OH,environment,state,682943000,7.83,21.96,8.217,8.8344
2023,OH,environment,state,733493000,7.4,7.83,12.397,8.8654
2015,OH,housing,state,25344578000,13.71,13.71,13.71,10.4039
2016,OH,housing,state,27452840000,8.32,13.71,11.015,10.4386
2017,OH,housing,state,27677179000,0.82,8.32,7.617,10.4421
2018,OH,housing,state,28265820000,2.13,0.82,3.757,10.4513
2019,OH,housing,state,28743493000,1.69,2.13,1.547,10.4585
2020,OH,housing,state,30519377000,6.18,1.69,3.333,10.4846
2021,OH,housing,state,34080335000,11.67,6.18,6.513,10.5325
2022,OH,housing,state,38224022000,12.16,11.67,10.003,10.5823
2023,OH,housing,state,40164404000,5.08,12.16,9.637,10.6038
2015,OH,public_safety,state,1949515000,0.64,0.64,0.64,9.2899
2016,OH,public_safety,state,2058645000,5.6,0.64,3.12,9.3136
2017,OH,public_safety,state,2132460000,3.59,5.6,3.277,9.3289
2018,OH,public_safety,state,2304052000,8.05,3.59,5.747,9.3625
2019,OH,public_safety,state,2420856000,5.07,8.05,5.57,9.384
2020,OH,public_safety,state,2631174000,8.69,5.07,7.27,9.4201
2021,OH,public_safety,state,2678695000,1.81,8.69,5.19,9.4279
2022,OH,public_safety,state,2722005000,1.62,1.81,4.04,9.4349
2023,OH,public_safety,state,2912034000,6.98,1.62,3.47,9.4642
2015,OH,transportation,state,4226330000,1.43,1.43,1.43,9.626
2016,OH,transportation,state,4325118000,2.34,1.43,1.885,9.636
2017,OH,transportation,state,4301403000,-0.55,2.34,1.073,9.6336
2018,OH,transportation,state,4274060000,-0.64,-0.55,0.383,9.6308
2019,OH,transportation,state,4117865000,-3.65,-0.64,-1.613,9.6147
2020,OH,transportation,state,4703406000,14.22,-3.65,3.31,9.6724
2021,OH,transportation,state,4498450000,-4.36,14.22,2.07,9.6531
2022,OH,transportation,state,4463187000,-0.78,-4.36,3.027,9.6496
2023,OH,transportation,state,4979783000,11.57,-0.78,2.143,9.6972
2015,OK,education,state,7672357000,1.34,1.34,1.34,9.8849
2016,OK,education,state,8238382000,7.38,1.34,4.36,9.9158
2017,OK,education,state,8253318000,0.18,7.38,2.967,9.9166
2018,OK,education,state,8068280000,-2.24,0.18,1.773,9.9068
2019,OK,education,state,8227215000,1.97,-2.24,-0.03,9.9153
2020,OK,education,state,8724289000,6.04,1.97,1.923,9.9407
2021,OK,education,state,9040237000,3.62,6.04,3.877,9.9562
2022,OK,education,state,9705174000,7.36,3.62,5.673,9.987
2023,OK,education,state,9714729000,0.1,7.36,3.693,9.9874
2015,OK,environment,state,369075000,16.73,16.73,16.73,8.5671
2016,OK,environment,state,220443000,-20.0,16.73,-1.635,8.3433
2017,OK,environment,state,237975000,7.95,-20.0,1.56,8.3765
2018,OK,environment,state,239333000,0.57,7.95,-3.827,8.379
2019,OK,environment,state,262291000,9.59,0.57,6.037,8.4188
2020,OK,environment,state,325397000,24.06,9.59,11.407,8.5124
2021,OK,environment,state,333017000,2.34,24.06,11.997,8.5225
2022,OK,environment,state,328058000,-1.49,2.34,8.303,8.516
2023,OK,environment,state,567627000,30.0,-1.49,10.283,8.7541
2015,OK,housing,state,6693834000,-0.11,-0.11,-0.11,9.8257
2016,OK,housing,state,6667222000,-0.4,-0.11,-0.255,9.8239
2017,OK,housing,state,6806517000,2.09,-0.4,0.527,9.8329
2018,OK,housing,state,6810248000,0.05,2.09,0.58,9.8332
2019,OK,housing,state,7050604000,3.53,0.05,1.89,9.8482
2020,OK,housing,state,7156563000,1.5,3.53,1.693,9.8547
2021,OK,housing,state,7487550000,4.62,1.5,3.217,9.8743
2022,OK,housing,state,9248845000,23.52,4.62,9.88,9.9661
2023,OK,housing,state,11158978000,20.65,23.52,16.263,10.0476
2015,OK,public_safety,state,748775000,-2.13,-2.13,-2.13,8.8744
2016,OK,public_safety,state,778496000,3.97,-2.13,0.92,8.8913
2017,OK,public_safety,state,783093000,0.59,3.97,0.81,8.8938
2018,OK,public_safety,state,788539000,0.7,0.59,1.753,8.8968
2019,OK,public_safety,state,806288000,2.25,0.7,1.18,8.9065
2020,OK,public_safety,state,860015000,6.66,2.25,3.203,8.9345
2021,OK,public_safety,state,835313000,-2.87,6.66,2.013,8.9218
2022,OK,public_safety,state,826390000,-1.07,-2.87,0.907,8.9172
2023,OK,public_safety,state,931205000,12.68,-1.07,2.913,8.969
2015,OK,transportation,state,2153834000,6.96,6.96,6.96,9.3332
2016,OK,transportation,state,2181195000,1.27,6.96,4.115,9.3387
2017,OK,transportation,state,2199473000,0.84,1.27,3.023,9.3423
2018,OK,transportation,state,2154523000,-2.04,0.84,0.023,9.3334
2019,OK,transportation,state,2399580000,11.37,-2.04,3.39,9.3801
2020,OK,transportation,state,2511002000,4.64,11.37,4.657,9.3998
2021,OK,transportation,state,2609453000,3.92,4.64,6.643,9.4165
2022,OK,transportation,state,2864485000,9.77,3.92,6.11,9.457
2023,OK,transportation,state,3093550000,8.0,9.77,7.23,9.4905
2015,OR,education,state,8997319000,3.89,3.89,3.89,9.9541
2016,OR,education,state,9690199000,7.7,3.89,5.795,9.9863
2017,OR,education,state,9744277000,0.56,7.7,4.05,9.9887
2018,OR,education,state,10549695000,8.27,0.56,5.51,10.0232
2019,OR,education,state,10884873000,3.18,8.27,4.003,10.0368
2020,OR,education,state,12263991000,12.67,3.18,8.04,10.0886
2021,OR,education,state,12102796000,-1.31,12.67,4.847,10.0829
2022,OR,education,state,12529656000,3.53,-1.31,4.963,10.0979
2023,OR,education,state,14395266000,14.89,3.53,5.703,10.1582
2015,OR,environment,state,627765000,2.46,2.46,2.46,8.7978
2016,OR,environment,state,653931000,4.17,2.46,3.315,8.8155
2017,OR,environment,state,524650000,-19.77,4.17,-4.38,8.7199
2018,OR,environment,state,585023000,11.51,-19.77,-1.363,8.7672
2019,OR,environment,state,656166000,12.16,11.51,1.3,8.817
2020,OR,environment,state,643412000,-1.94,12.16,7.243,8.8085
2021,OR,environment,state,692787000,7.67,-1.94,5.963,8.8406
2022,OR,environment,state,919115000,30.0,7.67,11.91,8.9634
2023,OR,environment,state,1111006000,20.88,30.0,19.517,9.0457
2015,OR,housing,state,9870345000,25.64,25.64,25.64,9.9943
2016,OR,housing,state,10205949000,3.4,25.64,14.52,10.0089
2017,OR,housing,state,10481906000,2.7,3.4,10.58,10.0204
2018,OR,housing,state,11235890000,7.19,2.7,4.43,10.0506
2019,OR,housing,state,12132689000,7.98,7.19,5.957,10.084
2020,OR,housing,state,13234258000,9.08,7.98,8.083,10.1217
2021,OR,housing,state,14469993000,9.34,9.08,8.8,10.1605
2022,OR,housing,state,17046408000,17.81,9.34,12.077,10.2316
2023,OR,housing,state,18664347000,9.49,17.81,12.213,10.271
2015,OR,public_safety,state,954221000,-0.6,-0.6,-0.6,8.9796
2016,OR,public_safety,state,1055718000,10.64,-0.6,5.02,9.0235
2017,OR,public_safety,state,1099204000,4.12,10.64,4.72,9.0411
2018,OR,public_safety,state,1177880000,7.16,4.12,7.307,9.0711
2019,OR,public_safety,state,1212368000,2.93,7.16,4.737,9.0836
2020,OR,public_safety,state,1383870000,14.15,2.93,8.08,9.1411
2021,OR,public_safety,state,1442042000,4.2,14.15,7.093,9.159
2022,OR,public_safety,state,1524445000,5.71,4.2,8.02,9.1831
2023,OR,public_safety,state,1659712000,8.87,5.71,6.26,9.22
2015,OR,transportation,state,1202683000,0.46,0.46,0.46,9.0802
2016,OR,transportation,state,1170339000,-2.69,0.46,-1.115,9.0683
2017,OR,transportation,state,1195771000,2.17,-2.69,-0.02,9.0776
2018,OR,transportation,state,1135458000,-5.04,2.17,-1.853,9.0552
2019,OR,transportation,state,1275578000,12.34,-5.04,3.157,9.1057
2020,OR,transportation,state,1255307000,-1.59,12.34,1.903,9.0987
2021,OR,transportation,state,1543510000,22.96,-1.59,11.237,9.1885
2022,OR,transportation,state,1908969000,23.68,22.96,15.017,9.2808
2023,OR,transportation,state,1880568000,-1.49,23.68,15.05,9.2743
2015,PA,education,state,24204413000,4.77,4.77,4.77,10.3839
2016,PA,education,state,25123830000,3.8,4.77,4.285,10.4001
2017,PA,education,state,27120021000,7.95,3.8,5.507,10.4333
2018,PA,education,state,26881369000,-0.88,7.95,3.623,10.4295
2019,PA,education,state,28249509000,5.09,-0.88,4.053,10.451
2020,PA,education,state,28660799000,1.46,5.09,1.89,10.4573
2021,PA,education,state,28938300000,0.97,1.46,2.507,10.4615
2022,PA,education,state,32080944000,10.86,0.97,4.43,10.5062
2023,PA,education,state,33515232000,4.47,10.86,5.433,10.5252
2015,PA,environment,state,1007458000,7.99,7.99,7.99,9.0032
2016,PA,environment,state,1027907000,2.03,7.99,5.01,9.012
2017,PA,environment,state,1100650000,7.08,2.03,5.7,9.0416
2018,PA,environment,state,1135562000,3.17,7.08,4.093,9.0552
2019,PA,environment,state,1125961000,-0.85,3.17,3.133,9.0515
2020,PA,environment,state,1268359000,12.65,-0.85,4.99,9.1032
2021,PA,environment,state,1267877000,-0.04,12.65,3.92,9.1031
2022,PA,environment,state,1306618000,3.06,-0.04,5.223,9.1161
2023,PA,environment,state,1555933000,19.08,3.06,7.367,9.192
2015,PA,housing,state,24655737000,1.1,1.1,1.1,10.3919
2016,PA,housing,state,27944552000,13.34,1.1,7.22,10.4463
2017,PA,housing,state,32037807000,14.65,13.34,9.697,10.5057
2018,PA,housing,state,29548855000,-7.77,14.65,6.74,10.4705
2019,PA,housing,state,33364549000,12.91,-7.77,6.597,10.5233
2020,PA,housing,state,40118636000,20.24,12.91,8.46,10.6033
2021,PA,housing,state,39457587000,-1.65,20.24,10.5,10.5961
2022,PA,housing,state,43755593000,10.89,-1.65,9.827,10.641
2023,PA,housing,state,49035188000,12.07,10.89,7.103,10.6905
2015,PA,public_safety,state,3151997000,6.2,6.2,6.2,9.4986
2016,PA,public_safety,state,3204266000,1.66,6.2,3.93,9.5057
2017,PA,public_safety,state,3350605000,4.57,1.66,4.143,9.5251
2018,PA,public_safety,state,3345332000,-0.16,4.57,2.023,9.5244
2019,PA,public_safety,state,3447723000,3.06,-0.16,2.49,9.5375
2020,PA,public_safety,state,4521100000,30.0,3.06,10.967,9.6552
2021,PA,public_safety,state,4681404000,3.55,30.0,12.203,9.6704
2022,PA,public_safety,state,4442060000,-5.11,3.55,9.48,9.6476
2023,PA,public_safety,state,4568170000,2.84,-5.11,0.427,9.6597
2015,PA,transportation,state,8303811000,16.45,16.45,16.45,9.9193
2016,PA,transportation,state,9007547000,8.47,16.45,12.46,9.9546
2017,PA,transportation,state,8484723000,-5.8,8.47,6.373,9.9286
2018,PA,transportation,state,9427354000,11.11,-5.8,4.593,9.9744
2019,PA,transportation,state,9718354000,3.09,11.11,2.8,9.9876
2020,PA,transportation,state,9351031000,-3.78,3.09,3.473,9.9709
2021,PA,transportation,state,9122738000,-2.44,-3.78,-1.043,9.9601
2022,PA,transportation,state,8765306000,-3.92,-2.44,-3.38,9.9428
2023,PA,transportation,state,9820482000,12.04,-3.92,1.893,9.9921
2015,RI,education,state,1981863000,0.46,0.46,0.46,9.2971
2016,RI,education,state,2016102000,1.73,0.46,1.095,9.3045
2017,RI,education,state,2072599000,2.8,1.73,1.663,9.3165
2018,RI,education,state,2165079000,4.46,2.8,2.997,9.3355
2019,RI,education,state,2218674000,2.48,4.46,3.247,9.3461
2020,RI,education,state,2362272000,6.47,2.48,4.47,9.3733
2021,RI,education,state,2513054000,6.38,6.47,5.11,9.4002
2015,RI,environment,state,101740000,11.93,11.93,11.93,8.0075
2016,RI,environment,state,95473000,-6.16,11.93,2.885,7.9799
2017,RI,environment,state,105681000,10.69,-6.16,5.487,8.024
2018,RI,environment,state,116759000,10.48,10.69,5.003,8.0673
2019,RI,environment,state,116815000,0.05,10.48,7.073,8.0675
2020,RI,environment,state,117511000,0.6,0.05,3.71,8.0701
2021,RI,environment,state,101992000,-13.21,0.6,-4.187,8.0086
2015,RI,housing,state,3008751000,15.19,15.19,15.19,9.4784
2016,RI,housing,state,3060210000,1.71,15.19,8.45,9.4858
2017,RI,housing,state,3193193000,4.35,1.71,7.083,9.5042
2018,RI,housing,state,3278190000,2.66,4.35,2.907,9.5156
2019,RI,housing,state,3361660000,2.55,2.66,3.187,9.5266
2020,RI,housing,state,3320028000,-1.24,2.55,1.323,9.5211
2021,RI,housing,state,3573322000,7.63,-1.24,2.98,9.5531
2015,RI,public_safety,state,289322000,3.96,3.96,3.96,8.4614
2016,RI,public_safety,state,294402000,1.76,3.96,2.86,8.4689
2017,RI,public_safety,state,302942000,2.9,1.76,2.873,8.4814
2018,RI,public_safety,state,310018000,2.34,2.9,2.333,8.4914
2019,RI,public_safety,state,324676000,4.73,2.34,3.323,8.5115
2020,RI,public_safety,state,405002000,24.74,4.73,10.603,8.6075
2021,RI,public_safety,state,390074000,-3.69,24.74,8.593,8.5911
2015,RI,transportation,state,322533000,-7.8,-7.8,-7.8,8.5086
2016,RI,transportation,state,332852000,3.2,-7.8,-2.3,8.5223
2017,RI,transportation,state,339064000,1.87,3.2,-0.91,8.5303
2018,RI,transportation,state,412144000,21.55,1.87,8.873,8.615
2019,RI,transportation,state,522274000,26.72,21.55,16.713,8.7179
2020,RI,transportation,state,612465000,17.27,26.72,21.847,8.7871
2021,RI,transportation,state,540546000,-11.74,17.27,10.75,8.7328
2015,SC,education,state,9160360000,5.18,5.18,5.18,9.9619
2016,SC,education,state,9516139000,3.88,5.18,4.53,9.9785
2017,SC,education,state,11307547000,18.82,3.88,9.293,10.0534
2018,SC,education,state,11491471000,1.63,18.82,8.11,10.0604
2019,SC,education,state,11489690000,-0.02,1.63,6.81,10.0603
2020,SC,education,state,12094665000,5.27,-0.02,2.293,10.0826
2021,SC,education,state,12718249000,5.16,5.27,3.47,10.1044
2015,SC,environment,state,303925000,-0.12,-0.12,-0.12,8.4828
2016,SC,environment,state,330842000,8.86,-0.12,4.37,8.5196
2017,SC,environment,state,410954000,24.21,8.86,10.983,8.6138
2018,SC,environment,state,333016000,-18.97,24.21,4.7,8.5225
2019,SC,environment,state,361664000,8.6,-18.97,4.613,8.5583
2020,SC,environment,state,442725000,22.41,8.6,4.013,8.6461
2021,SC,environment,state,401447000,-9.32,22.41,7.23,8.6036
2015,SC,housing,state,7594043000,11.86,11.86,11.86,9.8805
2016,SC,housing,state,7555708000,-0.5,11.86,5.68,9.8783
2017,SC,housing,state,7899208000,4.55,-0.5,5.303,9.8976
2018,SC,housing,state,8009011000,1.39,4.55,1.813,9.9036
2019,SC,housing,state,8258446000,3.11,1.39,3.017,9.9169
2020,SC,housing,state,8692193000,5.25,3.11,3.25,9.9391
2021,SC,housing,state,8977862000,3.29,5.25,3.883,9.9532
2015,SC,public_safety,state,625674000,1.53,1.53,1.53,8.7963
2016,SC,public_safety,state,627851000,0.35,1.53,0.94,8.7979
2017,SC,public_safety,state,668860000,6.53,0.35,2.803,8.8253
2018,SC,public_safety,state,687211000,2.74,6.53,3.207,8.8371
2019,SC,public_safety,state,707923000,3.01,2.74,4.093,8.85
2020,SC,public_safety,state,844000000,19.22,3.01,8.323,8.9263
2021,SC,public_safety,state,830184000,-1.64,19.22,6.863,8.9192
2015,SC,transportation,state,1230450000,6.16,6.16,6.16,9.0901
2016,SC,transportation,state,1524666000,23.91,6.16,15.035,9.1832
2017,SC,transportation,state,1870770000,22.7,23.91,17.59,9.272
2018,SC,transportation,state,1895096000,1.3,22.7,15.97,9.2776
2019,SC,transportation,state,1888652000,-0.34,1.3,7.887,9.2762
2020,SC,transportation,state,2127929000,12.67,-0.34,4.543,9.328
2021,SC,transportation,state,1831596000,-13.93,12.67,-0.533,9.2628
2015,SD,education,state,1320602000,2.05,2.05,2.05,9.1208
2016,SD,education,state,1477835000,11.91,2.05,6.98,9.1696
2017,SD,education,state,1511008000,2.24,11.91,5.4,9.1793
2018,SD,education,state,1597552000,5.73,2.24,6.627,9.2035
2019,SD,education,state,1610954000,0.84,5.73,2.937,9.2071
2020,SD,education,state,1655828000,2.79,0.84,3.12,9.219
2021,SD,education,state,1741171000,5.15,2.79,2.927,9.2408
2015,SD,environment,state,243535000,12.33,12.33,12.33,8.3866
2016,SD,environment,state,201201000,-17.38,12.33,-2.525,8.3036
2017,SD,environment,state,221708000,10.19,-17.38,1.713,8.3458
2018,SD,environment,state,222069000,0.16,10.19,-2.343,8.3465
2019,SD,environment,state,213569000,-3.83,0.16,2.173,8.3295
2020,SD,environment,state,218951000,2.52,-3.83,-0.383,8.3403
2021,SD,environment,state,214636000,-1.97,2.52,-1.093,8.3317
2015,SD,housing,state,1101035000,7.13,7.13,7.13,9.0418
2016,SD,housing,state,1106206000,0.47,7.13,3.8,9.0438
2017,SD,housing,state,1194855000,8.01,0.47,5.203,9.0773
2018,SD,housing,state,1212777000,1.5,8.01,3.327,9.0838
2019,SD,housing,state,1242691000,2.47,1.5,3.993,9.0944
2020,SD,housing,state,1272168000,2.37,2.47,2.113,9.1045
2021,SD,housing,state,1737683000,30.0,2.37,11.613,9.24
2015,SD,public_safety,state,171369000,3.74,3.74,3.74,8.2339
2016,SD,public_safety,state,172704000,0.78,3.74,2.26,8.2373
2017,SD,public_safety,state,174498000,1.04,0.78,1.853,8.2418
2018,SD,public_safety,state,177176000,1.53,1.04,1.117,8.2484
2019,SD,public_safety,state,181105000,2.22,1.53,1.597,8.2579
2020,SD,public_safety,state,190804000,5.36,2.22,3.037,8.2806
2021,SD,public_safety,state,207706000,8.86,5.36,5.48,8.3174
2015,SD,transportation,state,605572000,-5.36,-5.36,-5.36,8.7822
2016,SD,transportation,state,726472000,19.96,-5.36,7.3,8.8612
2017,SD,transportation,state,615588000,-15.26,19.96,-0.22,8.7893
2018,SD,transportation,state,595384000,-3.28,-15.26,0.473,8.7748
2019,SD,transportation,state,617677000,3.74,-3.28,-4.933,8.7908
2020,SD,transportation,state,782442000,26.67,3.74,9.043,8.8935
2021,SD,transportation,state,789023000,0.84,26.67,10.417,8.8971
2015,TN,education,state,10131629000,0.58,0.58,0.58,10.0057
2016,TN,education,state,10066306000,-0.64,0.58,-0.03,10.0029
2017,TN,education,state,10458981000,3.9,-0.64,1.28,10.0195
2018,TN,education,state,10714617000,2.44,3.9,1.9,10.03
2019,TN,education,state,10992783000,2.6,2.44,2.98,10.0411
2020,TN,education,state,11321738000,2.99,2.6,2.677,10.0539
2021,TN,education,state,12013449000,6.11,2.99,3.9,10.0797
2022,TN,education,state,13394007000,11.49,6.11,6.863,10.1269
2023,TN,education,state,14180729000,5.87,11.49,7.823,10.1517
2015,TN,environment,state,405631000,0.64,0.64,0.64,8.6081
2016,TN,environment,state,445759000,9.89,0.64,5.265,8.6491
2017,TN,environment,state,478537000,7.35,9.89,5.96,8.6799
2018,TN,environment,state,489240000,2.24,7.35,6.493,8.6895
2019,TN,environment,state,494423000,1.06,2.24,3.55,8.6941
2020,TN,environment,state,619402000,25.28,1.06,9.527,8.792
2021,TN,environment,state,648790000,4.74,25.28,10.36,8.8121
2022,TN,environment,state,760848000,17.27,4.74,15.763,8.8813
2023,TN,environment,state,876207000,15.16,17.27,12.39,8.9426
2015,TN,housing,state,11235158000,5.06,5.06,5.06,10.0506
2016,TN,housing,state,12126970000,7.94,5.06,6.5,10.0838
2017,TN,housing,state,11526786000,-4.95,7.94,2.683,10.0617
2018,TN,housing,state,11793433000,2.31,-4.95,1.767,10.0716
2019,TN,housing,state,12469362000,5.73,2.31,1.03,10.0958
2020,TN,housing,state,13118715000,5.21,5.73,4.417,10.1179
2021,TN,housing,state,14218433000,8.38,5.21,6.44,10.1529
2022,TN,housing,state,15185533000,6.8,8.38,6.797,10.1814
2023,TN,housing,state,16196837000,6.66,6.8,7.28,10.2094
2015,TN,public_safety,state,1112534000,1.07,1.07,1.07,9.0463
2016,TN,public_safety,state,1127206000,1.32,1.07,1.195,9.052
2017,TN,public_safety,state,1140705000,1.2,1.32,1.197,9.0572
2018,TN,public_safety,state,1196065000,4.85,1.2,2.457,9.0778
2019,TN,public_safety,state,1202893000,0.57,4.85,2.207,9.0802
2020,TN,public_safety,state,1323030000,9.99,0.57,5.137,9.1216
2021,TN,public_safety,state,1291771000,-2.36,9.99,2.733,9.1112
2022,TN,public_safety,state,1381573000,6.95,-2.36,4.86,9.1404
2023,TN,public_safety,state,1514626000,9.63,6.95,4.74,9.1803
2015,TN,transportation,state,1539233000,-3.3,-3.3,-3.3,9.1873
2016,TN,transportation,state,1514818000,-1.59,-3.3,-2.445,9.1804
2017,TN,transportation,state,1563987000,3.25,-1.59,-0.547,9.1942
2018,TN,transportation,state,1749602000,11.87,3.25,4.51,9.2429
2019,TN,transportation,state,1868246000,6.78,11.87,7.3,9.2714
2020,TN,transportation,state,2069083000,10.75,6.78,9.8,9.3158
2021,TN,transportation,state,1990366000,-3.8,10.75,4.577,9.2989
2022,TN,transportation,state,2128517000,6.94,-3.8,4.63,9.3281
2023,TN,transportation,state,2466227000,15.87,6.94,6.337,9.392
2015,TX,education,state,51934894000,2.68,2.68,2.68,10.7155
2016,TX,education,state,53739860000,3.48,2.68,3.08,10.7303
2017,TX,education,state,55595774000,3.45,3.48,3.203,10.745
2018,TX,education,state,56461040000,1.56,3.45,2.83,10.7517
2019,TX,education,state,58086365000,2.88,1.56,2.63,10.7641
2020,TX,education,state,61907101000,6.58,2.88,3.673,10.7917
2021,TX,education,state,62112331000,0.33,6.58,3.263,10.7932
2022,TX,education,state,70967177000,14.26,0.33,7.057,10.8511
2023,TX,education,state,74844616000,5.46,14.26,6.683,10.8742
2015,TX,environment,state,1112358000,2.43,2.43,2.43,9.0462
2016,TX,environment,state,1023614000,-7.98,2.43,-2.775,9.0101
2017,TX,environment,state,1075039000,5.02,-7.98,-0.177,9.0314
2018,TX,environment,state,1088586000,1.26,5.02,-0.567,9.0369
2019,TX,environment,state,1093986000,0.5,1.26,2.26,9.039
2020,TX,environment,state,1191275000,8.89,0.5,3.55,9.076
2021,TX,environment,state,1411555000,18.49,8.89,9.293,9.1497
2022,TX,environment,state,1562971000,10.73,18.49,12.703,9.194
2023,TX,environment,state,1830450000,17.11,10.73,15.443,9.2626
2015,TX,housing,state,36204845000,9.38,9.38,9.38,10.5588
2016,TX,housing,state,38515510000,6.38,9.38,7.88,10.5856
2017,TX,housing,state,38706138000,0.49,6.38,5.417,10.5878
2018,TX,housing,state,39860240000,2.98,0.49,3.283,10.6005
2019,TX,housing,state,42081098000,5.57,2.98,3.013,10.6241
2020,TX,housing,state,44280116000,5.23,5.57,4.593,10.6462
2021,TX,housing,state,51332767000,15.93,5.23,8.91,10.7104
2022,TX,housing,state,61262437000,19.34,15.93,13.5,10.7872
2023,TX,housing,state,65013247000,6.12,19.34,13.797,10.813
2015,TX,public_safety,state,4848661000,1.99,1.99,1.99,9.6856
2016,TX,public_safety,state,5230055000,7.87,1.99,4.93,9.7185
2017,TX,public_safety,state,5451196000,4.23,7.87,4.697,9.7365
2018,TX,public_safety,state,5332119000,-2.18,4.23,3.307,9.7269
2019,TX,public_safety,state,5228163000,-1.95,-2.18,0.033,9.7183
2020,TX,public_safety,state,5726828000,9.54,-1.95,1.803,9.7579
2021,TX,public_safety,state,5541624000,-3.23,9.54,1.453,9.7436
2022,TX,public_safety,state,5791738000,4.51,-3.23,3.607,9.7628
2023,TX,public_safety,state,6290411000,8.61,4.51,3.297,9.7987
2015,TX,transportation,state,8239725000,1.01,1.01,1.01,9.9159
2016,TX,transportation,state,9319669000,13.11,1.01,7.06,9.9694
2017,TX,transportation,state,10039603000,7.72,13.11,7.28,10.0017
2018,TX,transportation,state,16060960000,30.0,7.72,16.943,10.2058
2019,TX,transportation,state,17751237000,10.52,30.0,16.08,10.2492
2020,TX,transportation,state,13144410000,-20.0,10.52,6.84,10.1187
2021,TX,transportation,state,13091488000,-0.4,-20.0,-3.293,10.117
2022,TX,transportation,state,12808270000,-2.16,-0.4,-7.52,10.1075
2023,TX,transportation,state,14188132000,10.77,-2.16,2.737,10.1519
2015,UT,education,state,7444709000,6.13,6.13,6.13,9.8718
2016,UT,education,state,8144061000,9.39,6.13,7.76,9.9108
2017,UT,education,state,8444264000,3.69,9.39,6.403,9.9266
2018,UT,education,state,9029569000,6.93,3.69,6.67,9.9557
2019,UT,education,state,9490065000,5.1,6.93,5.24,9.9773
2020,UT,education,state,9920744000,4.54,5.1,5.523,9.9965
2021,UT,education,state,10911619000,9.99,4.54,6.543,10.0379
2022,UT,education,state,12152848000,11.38,9.99,8.637,10.0847
2023,UT,education,state,13087370000,7.69,11.38,9.687,10.1169
2015,UT,environment,state,231768000,-4.68,-4.68,-4.68,8.3651
2016,UT,environment,state,250720000,8.18,-4.68,1.75,8.3992
2017,UT,environment,state,266708000,6.38,8.18,3.293,8.426
2018,UT,environment,state,297508000,11.55,6.38,8.703,8.4735
2019,UT,environment,state,306609000,3.06,11.55,6.997,8.4866
2020,UT,environment,state,365813000,19.31,3.06,11.307,8.5633
2021,UT,environment,state,428362000,17.1,19.31,13.157,8.6318
2022,UT,environment,state,395385000,-7.7,17.1,9.57,8.597
2023,UT,environment,state,506274000,28.05,-7.7,12.483,8.7044
2015,UT,housing,state,3428679000,3.39,3.39,3.39,9.5351
2016,UT,housing,state,3602758000,5.08,3.39,4.235,9.5566
2017,UT,housing,state,3769487000,4.63,5.08,4.367,9.5763
2018,UT,housing,state,3898102000,3.41,4.63,4.373,9.5909
2019,UT,housing,state,4120557000,5.71,3.41,4.583,9.615
2020,UT,housing,state,4672314000,13.39,5.71,7.503,9.6695
2021,UT,housing,state,5322287000,13.91,13.39,11.003,9.7261
2022,UT,housing,state,6464406000,21.46,13.91,16.253,9.8105
2023,UT,housing,state,6832745000,5.7,21.46,13.69,9.8346
2015,UT,public_safety,state,486196000,-1.85,-1.85,-1.85,8.6868
2016,UT,public_safety,state,511517000,5.21,-1.85,1.68,8.7089
2017,UT,public_safety,state,524650000,2.57,5.21,1.977,8.7199
2018,UT,public_safety,state,544463000,3.78,2.57,3.853,8.736
2019,UT,public_safety,state,535913000,-1.57,3.78,1.593,8.7291
2020,UT,public_safety,state,629317000,17.43,-1.57,6.547,8.7989
2021,UT,public_safety,state,618811000,-1.67,17.43,4.73,8.7916
2022,UT,public_safety,state,671154000,8.46,-1.67,8.073,8.8268
2023,UT,public_safety,state,756252000,12.68,8.46,6.49,8.8787
2015,UT,transportation,state,1078461000,3.88,3.88,3.88,9.0328
2016,UT,transportation,state,1048634000,-2.77,3.88,0.555,9.0206
2017,UT,transportation,state,1211388000,15.52,-2.77,5.543,9.0833
2018,UT,transportation,state,1374557000,13.47,15.52,8.74,9.1382
2019,UT,transportation,state,1461572000,6.33,13.47,11.773,9.1648
2020,UT,transportation,state,1833109000,25.42,6.33,15.073,9.2632
2021,UT,transportation,state,1835573000,0.13,25.42,10.627,9.2638
2022,UT,transportation,state,1700451000,-7.36,0.13,6.063,9.2306
2023,UT,transportation,state,1670694000,-1.75,-7.36,-2.993,9.2229
2015,VA,education,state,15981360000,5.96,5.96,5.96,10.2036
2016,VA,education,state,16058379000,0.48,5.96,3.22,10.2057
2017,VA,education,state,16598849000,3.37,0.48,3.27,10.2201
2018,VA,education,state,17421907000,4.96,3.37,2.937,10.2411
2019,VA,education,state,18236521000,4.68,4.96,4.337,10.2609
2020,VA,education,state,18873921000,3.5,4.68,4.38,10.2759
2021,VA,education,state,19638816000,4.05,3.5,4.077,10.2931
2022,VA,education,state,21598653000,9.98,4.05,5.843,10.3344
2023,VA,education,state,24256280000,12.3,9.98,8.777,10.3848
2015,VA,environment,state,395096000,5.59,5.59,5.59,8.5967
2016,VA,environment,state,398005000,0.74,5.59,3.165,8.5999
2017,VA,environment,state,485657000,22.02,0.74,9.45,8.6863
2018,VA,environment,state,465472000,-4.16,22.02,6.2,8.6679
2019,VA,environment,state,487988000,4.84,-4.16,7.567,8.6884
2020,VA,environment,state,513348000,5.2,4.84,1.96,8.7104
2021,VA,environment,state,553717000,7.86,5.2,5.967,8.7433
2022,VA,environment,state,655993000,18.47,7.86,10.51,8.8169
2023,VA,environment,state,819767000,24.97,18.47,17.1,8.9137
2015,VA,housing,state,9986797000,-2.29,-2.29,-2.29,9.9994
2016,VA,housing,state,10667685000,6.82,-2.29,2.265,10.0281
2017,VA,housing,state,11120028000,4.24,6.82,2.923,10.0461
2018,VA,housing,state,11684097000,5.07,4.24,5.377,10.0676
2019,VA,housing,state,13263092000,13.51,5.07,7.607,10.1226
2020,VA,housing,state,15894148000,19.84,13.51,12.807,10.2012
2021,VA,housing,state,18568263000,16.82,19.84,16.723,10.2688
2022,VA,housing,state,22111315000,19.08,16.82,18.58,10.3446
2023,VA,housing,state,25342806000,14.61,19.08,16.837,10.4039
2015,VA,public_safety,state,1879381000,-18.86,-18.86,-18.86,9.274
2016,VA,public_safety,state,1935000000,2.96,-18.86,-7.95,9.2867
2017,VA,public_safety,state,2209062000,14.16,2.96,-0.58,9.3442
2018,VA,public_safety,state,2300061000,4.12,14.16,7.08,9.3617
2019,VA,public_safety,state,2358440000,2.54,4.12,6.94,9.3726
2020,VA,public_safety,state,2446547000,3.74,2.54,3.467,9.3886
2021,VA,public_safety,state,2510951000,2.63,3.74,2.97,9.3998
2022,VA,public_safety,state,3088208000,22.99,2.63,9.787,9.4897
2023,VA,public_safety,state,3363163000,8.9,22.99,11.507,9.5267
2015,VA,transportation,state,5139780000,17.24,17.24,17.24,9.7109
2016,VA,transportation,state,5669483000,10.31,17.24,13.775,9.7535
2017,VA,transportation,state,4847656000,-14.5,10.31,4.35,9.6855
2018,VA,transportation,state,5422205000,11.85,-14.5,2.553,9.7342
2019,VA,transportation,state,5318069000,-1.92,11.85,-1.523,9.7258
2020,VA,transportation,state,5326455000,0.16,-1.92,3.363,9.7264
2021,VA,transportation,state,6038592000,13.37,0.16,3.87,9.7809
2022,VA,transportation,state,6703905000,11.02,13.37,8.183,9.8263
2023,VA,transportation,state,6955079000,3.75,11.02,9.38,9.8423
2015,VT,education,state,2596210000,2.12,2.12,2.12,9.4143
2016,VT,education,state,2769104000,6.66,2.12,4.39,9.4423
2017,VT,education,state,2764476000,-0.17,6.66,2.87,9.4416
2018,VT,education,state,2799803000,1.28,-0.17,2.59,9.4471
2019,VT,education,state,2822685000,0.82,1.28,0.643,9.4507
2020,VT,education,state,3057119000,8.31,0.82,3.47,9.4853
2021,VT,education,state,3191172000,4.38,8.31,4.503,9.504
2022,VT,education,state,3497553000,9.6,4.38,7.43,9.5438
2023,VT,education,state,3498413000,0.02,9.6,4.667,9.5439
2015,VT,environment,state,121679000,5.06,5.06,5.06,8.0852
2016,VT,environment,state,122575000,0.74,5.06,2.9,8.0884
2017,VT,environment,state,126355000,3.08,0.74,2.96,8.1016
2018,VT,environment,state,132444000,4.82,3.08,2.88,8.122
2019,VT,environment,state,137379000,3.73,4.82,3.877,8.1379
2020,VT,environment,state,142631000,3.82,3.73,4.123,8.1542
2021,VT,environment,state,187781000,30.0,3.82,12.517,8.2737
2022,VT,environment,state,174473000,-7.09,30.0,8.91,8.2417
2023,VT,environment,state,214756000,23.09,-7.09,15.333,8.3319
2015,VT,housing,state,1750376000,1.76,1.76,1.76,9.2431
2016,VT,housing,state,1858243000,6.16,1.76,3.96,9.2691
2017,VT,housing,state,1824136000,-1.84,6.16,2.027,9.2611
2018,VT,housing,state,1804045000,-1.1,-1.84,1.073,9.2562
2019,VT,housing,state,1860780000,3.14,-1.1,0.067,9.2697
2020,VT,housing,state,1979815000,6.4,3.14,2.813,9.2966
2021,VT,housing,state,2090413000,5.59,6.4,5.043,9.3202
2022,VT,housing,state,2354963000,12.66,5.59,8.217,9.372
2023,VT,housing,state,2626311000,11.52,12.66,9.923,9.4193
2015,VT,public_safety,state,244349000,5.46,5.46,5.46,8.388
2016,VT,public_safety,state,222152000,-9.08,5.46,-1.81,8.3467
2017,VT,public_safety,state,229601000,3.35,-9.08,-0.09,8.361
2018,VT,public_safety,state,231813000,0.96,3.35,-1.59,8.3651
2019,VT,public_safety,state,240739000,3.85,0.96,2.72,8.3815
2020,VT,public_safety,state,276137000,14.7,3.85,6.503,8.4411
2021,VT,public_safety,state,343647000,24.45,14.7,14.333,8.5361
2022,VT,public_safety,state,265178000,-20.0,24.45,6.383,8.4235
2023,VT,public_safety,state,291889000,10.07,-20.0,4.84,8.4652
2015,VT,transportation,state,476237000,5.15,5.15,5.15,8.6778
2016,VT,transportation,state,422493000,-11.29,5.15,-3.07,8.6258
2017,VT,transportation,state,427738000,1.24,-11.29,-1.633,8.6312
2018,VT,transportation,state,448663000,4.89,1.24,-1.72,8.6519
2019,VT,transportation,state,443752000,-1.09,4.89,1.68,8.6471
2020,VT,transportation,state,478185000,7.76,-1.09,3.853,8.6796
2021,VT,transportation,state,486990000,1.84,7.76,2.837,8.6875
2022,VT,transportation,state,499179000,2.5,1.84,4.033,8.6983
2023,VT,transportation,state,634299000,27.07,2.5,10.47,8.8023
2015,WA,education,state,17101172000,4.59,4.59,4.59,10.233
2016,WA,education,state,18354126000,7.33,4.59,5.96,10.2637
2017,WA,education,state,19557200000,6.55,7.33,6.157,10.2913
2018,WA,education,state,20831462000,6.52,6.55,6.8,10.3187
2019,WA,education,state,22661025000,8.78,6.52,7.283,10.3553
2020,WA,education,state,24372201000,7.55,8.78,7.617,10.3869
2021,WA,education,state,25392734000,4.19,7.55,6.84,10.4047
2022,WA,education,state,26996237000,6.31,4.19,6.017,10.4313
2023,WA,education,state,28643127000,6.1,6.31,5.533,10.457
2015,WA,environment,state,1175684000,8.85,8.85,8.85,9.0703
2016,WA,environment,state,1130455000,-3.85,8.85,2.5,9.0533
2017,WA,environment,state,1185475000,4.87,-3.85,3.29,9.0739
2018,WA,environment,state,1099728000,-7.23,4.87,-2.07,9.0413
2019,WA,environment,state,1224186000,11.32,-7.23,2.987,9.0878
2020,WA,environment,state,1250505000,2.15,11.32,2.08,9.0971
2021,WA,environment,state,1435937000,14.83,2.15,9.433,9.1571
2022,WA,environment,state,1397914000,-2.65,14.83,4.777,9.1455
2023,WA,environment,state,1809065000,29.41,-2.65,13.863,9.2575
2015,WA,housing,state,11329491000,17.17,17.17,17.17,10.0542
2016,WA,housing,state,11552005000,1.96,17.17,9.565,10.0627
2017,WA,housing,state,12197753000,5.59,1.96,8.24,10.0863
2018,WA,housing,state,12790963000,4.86,5.59,4.137,10.1069
2019,WA,housing,state,12488850000,-2.36,4.86,2.697,10.0965
2020,WA,housing,state,13952259000,11.72,-2.36,4.74,10.1446
2021,WA,housing,state,15468194000,10.87,11.72,6.743,10.1894
2022,WA,housing,state,16534526000,6.89,10.87,9.827,10.2184
2023,WA,housing,state,18840652000,13.95,6.89,10.57,10.2751
2015,WA,public_safety,state,1390463000,5.9,5.9,5.9,9.1432
2016,WA,public_safety,state,1459523000,4.97,5.9,5.435,9.1642
2017,WA,public_safety,state,1437382000,-1.52,4.97,3.117,9.1576
2018,WA,public_safety,state,1510317000,5.07,-1.52,2.84,9.1791
2019,WA,public_safety,state,1516102000,0.38,5.07,1.31,9.1807
2020,WA,public_safety,state,1806388000,19.15,0.38,8.2,9.2568
2021,WA,public_safety,state,1916698000,6.11,19.15,8.547,9.2826
2022,WA,public_safety,state,1858237000,-3.05,6.11,7.403,9.2691
2023,WA,public_safety,state,2058320000,10.77,-3.05,4.61,9.3135
2015,WA,transportation,state,2930924000,-5.67,-5.67,-5.67,9.467
2016,WA,transportation,state,2790205000,-4.8,-5.67,-5.235,9.4456
2017,WA,transportation,state,2918772000,4.61,-4.8,-1.953,9.4652
2018,WA,transportation,state,2918458000,-0.01,4.61,-0.067,9.4652
2019,WA,transportation,state,3150750000,7.96,-0.01,4.187,9.4984
2020,WA,transportation,state,3277811000,4.03,7.96,3.993,9.5156
2021,WA,transportation,state,3258372000,-0.59,4.03,3.8,9.513
2022,WA,transportation,state,3287196000,0.88,-0.59,1.44,9.5168
2023,WA,transportation,state,4064905000,23.66,0.88,7.983,9.6091
2015,WI,education,state,11752333000,4.18,4.18,4.18,10.0701
2016,WI,education,state,11804336000,0.44,4.18,2.31,10.072
2017,WI,education,state,12363945000,4.74,0.44,3.12,10.0922
2018,WI,education,state,12317405000,-0.38,4.74,1.6,10.0905
2019,WI,education,state,13063265000,6.06,-0.38,3.473,10.1161
2020,WI,education,state,13336108000,2.09,6.06,2.59,10.125
2021,WI,education,state,13378261000,0.32,2.09,2.823,10.1264
2022,WI,education,state,14870930000,11.16,0.32,4.523,10.1723
2023,WI,education,state,15893314000,6.88,11.16,6.12,10.2012
2015,WI,environment,state,597450000,0.94,0.94,0.94,8.7763
2016,WI,environment,state,542710000,-9.16,0.94,-4.11,8.7346
2017,WI,environment,state,537281000,-1.0,-9.16,-3.073,8.7302
2018,WI,environment,state,577356000,7.46,-1.0,-0.9,8.7614
2019,WI,environment,state,598890000,3.73,7.46,3.397,8.7773
2020,WI,environment,state,678957000,13.37,3.73,8.187,8.8318
2021,WI,environment,state,671987000,-1.03,13.37,5.357,8.8274
2022,WI,environment,state,698093000,3.88,-1.03,5.407,8.8439
2023,WI,environment,state,764812000,9.56,3.88,4.137,8.8836
2015,WI,housing,state,9955799000,4.54,4.54,4.54,9.9981
2016,WI,housing,state,10595263000,6.42,4.54,5.48,10.0251
2017,WI,housing,state,10850694000,2.41,6.42,4.457,10.0355
2018,WI,housing,state,11162089000,2.87,2.41,3.9,10.0477
2019,WI,housing,state,11863794000,6.29,2.87,3.857,10.0742
2020,WI,housing,state,12606093000,6.26,6.29,5.14,10.1006
2021,WI,housing,state,13958757000,10.73,6.26,7.76,10.1448
2022,WI,housing,state,14909837000,6.81,10.73,7.933,10.1735
2023,WI,housing,state,16206280000,8.7,6.81,8.747,10.2097
2015,WI,public_safety,state,1222860000,1.52,1.52,1.52,9.0874
2016,WI,public_safety,state,1146582000,-6.24,1.52,-2.36,9.0594
2017,WI,public_safety,state,1035434000,-9.69,-6.24,-4.803,9.0151
2018,WI,public_safety,state,1058469000,2.22,-9.69,-4.57,9.0247
2019,WI,public_safety,state,1072365000,1.31,2.22,-2.053,9.0303
2020,WI,public_safety,state,1218880000,13.66,1.31,5.73,9.086
2021,WI,public_safety,state,1276513000,4.73,13.66,6.567,9.106
2022,WI,public_safety,state,1314487000,2.97,4.73,7.12,9.1188
2023,WI,public_safety,state,1385984000,5.44,2.97,4.38,9.1418
2015,WI,transportation,state,3311439000,0.68,0.68,0.68,9.52
2016,WI,transportation,state,3029891000,-8.5,0.68,-3.91,9.4814
2017,WI,transportation,state,3958297000,30.0,-8.5,7.393,9.5975
2018,WI,transportation,state,2838380000,-20.0,30.0,0.5,9.4531
2019,WI,transportation,state,2868184000,1.05,-20.0,3.683,9.4576
2020,WI,transportation,state,2880569000,0.43,1.05,-6.173,9.4595
2021,WI,transportation,state,2901041000,0.71,0.43,0.73,9.4626
2022,WI,transportation,state,3320760000,14.47,0.71,5.203,9.5212
2023,WI,transportation,state,3449564000,3.88,14.47,6.353,9.5378
2015,WV,education,state,4440368000,3.02,3.02,3.02,9.6474
2016,WV,education,state,4518347000,1.76,3.02,2.39,9.655
2017,WV,education,state,4285354000,-5.16,1.76,-0.127,9.632
2018,WV,education,state,4138087000,-3.44,-5.16,-2.28,9.6168
2019,WV,education,state,4216362000,1.89,-3.44,-2.237,9.6249
2020,WV,education,state,4894033000,16.07,1.89,4.84,9.6897
2021,WV,education,state,5064953000,3.49,16.07,7.15,9.7046
2015,WV,environment,state,328488000,16.99,16.99,16.99,8.5165
2016,WV,environment,state,309617000,-5.74,16.99,5.625,8.4908
2017,WV,environment,state,323434000,4.46,-5.74,5.237,8.5098
2018,WV,environment,state,319748000,-1.14,4.46,-0.807,8.5048
2019,WV,environment,state,332023000,3.84,-1.14,2.387,8.5212
2020,WV,environment,state,358197000,7.88,3.84,3.527,8.5541
2021,WV,environment,state,323598000,-9.66,7.88,0.687,8.51
2015,WV,housing,state,4651087000,25.0,25.0,25.0,9.6676
2016,WV,housing,state,4763429000,2.42,25.0,13.71,9.6779
2017,WV,housing,state,4731922000,-0.66,2.42,8.92,9.675
2018,WV,housing,state,4604377000,-2.7,-0.66,-0.313,9.6632
2019,WV,housing,state,4854329000,5.43,-2.7,0.69,9.6861
2020,WV,housing,state,5033313000,3.69,5.43,2.14,9.7019
2021,WV,housing,state,5492543000,9.12,3.69,6.08,9.7398
2015,WV,public_safety,state,358878000,-6.81,-6.81,-6.81,8.5549
2016,WV,public_safety,state,385479000,7.41,-6.81,0.3,8.586
2017,WV,public_safety,state,382072000,-0.88,7.41,-0.093,8.5821
2018,WV,public_safety,state,383500000,0.37,-0.88,2.3,8.5838
2019,WV,public_safety,state,427515000,11.48,0.37,3.657,8.631
2020,WV,public_safety,state,527801000,23.46,11.48,11.77,8.7225
2021,WV,public_safety,state,582765000,10.41,23.46,15.117,8.7655
2015,WV,transportation,state,1017574000,-10.22,-10.22,-10.22,9.0076
2016,WV,transportation,state,1199382000,17.87,-10.22,3.825,9.079
2017,WV,transportation,state,1148911000,-4.21,17.87,1.147,9.0603
2018,WV,transportation,state,1214279000,5.69,-4.21,6.45,9.0843
2019,WV,transportation,state,1449539000,19.37,5.69,6.95,9.1612
2020,WV,transportation,state,1788182000,23.36,19.37,16.14,9.2524
2021,WV,transportation,state,1694635000,-5.23,23.36,12.5,9.2291
2015,WY,education,state,2020840000,14.19,14.19,14.19,9.3055
2016,WY,education,state,2081624000,3.01,14.19,8.6,9.3184
2017,WY,education,state,2149456000,3.26,3.01,6.82,9.3323
2018,WY,education,state,1897548000,-11.72,3.26,-1.817,9.2782
2019,WY,education,state,1955128000,3.03,-11.72,-1.81,9.2912
2020,WY,education,state,1941988000,-0.67,3.03,-3.12,9.2882
2021,WY,education,state,2205802000,13.58,-0.67,5.313,9.3436
2022,WY,education,state,2206044000,0.01,13.58,4.307,9.3436
2023,WY,education,state,2036402000,-7.69,0.01,1.967,9.3089
2015,WY,environment,state,267677000,0.14,0.14,0.14,8.4276
2016,WY,environment,state,284243000,6.19,0.14,3.165,8.4537
2017,WY,environment,state,261469000,-8.01,6.19,-0.56,8.4174
2018,WY,environment,state,255437000,-2.31,-8.01,-1.377,8.4073
2019,WY,environment,state,245007000,-4.08,-2.31,-4.8,8.3892
2020,WY,environment,state,239293000,-2.33,-4.08,-2.907,8.3789
2021,WY,environment,state,424182000,30.0,-2.33,7.863,8.6276
2022,WY,environment,state,269915000,-20.0,30.0,2.557,8.4312
2023,WY,environment,state,275209000,1.96,-20.0,3.987,8.4397
2015,WY,housing,state,799594000,0.92,0.92,0.92,8.9029
2016,WY,housing,state,829348000,3.72,0.92,2.32,8.9187
2017,WY,housing,state,839126000,1.18,3.72,1.94,8.9238
2018,WY,housing,state,853578000,1.72,1.18,2.207,8.9312
2019,WY,housing,state,858064000,0.53,1.72,1.143,8.9335
2020,WY,housing,state,870833000,1.49,0.53,1.247,8.9399
2021,WY,housing,state,893307000,2.58,1.49,1.533,8.951
2022,WY,housing,state,1010539000,13.12,2.58,5.73,9.0046
2023,WY,housing,state,1111436000,9.98,13.12,8.56,9.0459
2015,WY,public_safety,state,182764000,1.61,1.61,1.61,8.2619
2016,WY,public_safety,state,183008000,0.13,1.61,0.87,8.2625
2017,WY,public_safety,state,169859000,-7.18,0.13,-1.813,8.2301
2018,WY,public_safety,state,176708000,4.03,-7.18,-1.007,8.2473
2019,WY,public_safety,state,182365000,3.2,4.03,0.017,8.2609
2020,WY,public_safety,state,197013000,8.03,3.2,5.087,8.2945
2021,WY,public_safety,state,191141000,-2.98,8.03,2.75,8.2814
2022,WY,public_safety,state,181810000,-4.88,-2.98,0.057,8.2596
2023,WY,public_safety,state,192374000,5.81,-4.88,-0.683,8.2841
2015,WY,transportation,state,596501000,9.84,9.84,9.84,8.7756
2016,WY,transportation,state,557393000,-6.56,9.84,1.64,8.7462
2017,WY,transportation,state,478504000,-14.15,-6.56,-3.623,8.6799
2018,WY,transportation,state,504837000,5.5,-14.15,-5.07,8.7032
2019,WY,transportation,state,494362000,-2.07,5.5,-3.573,8.694
2020,WY,transportation,state,599235000,21.21,-2.07,8.213,8.7776
2021,WY,transportation,state,555757000,-7.26,21.21,3.96,8.7449
2022,WY,transportation,state,562800000,1.27,-7.26,5.073,8.7504
2023,WY,transportation,state,704788000,25.23,1.27,6.413,8.8481
